Component,individualID,climbID,microchipID,birthID,matingID,individualIdSource,materialOrigin,sex,species,generation,dateBirth,ageDeath,ageDeathUnits,brainWeight,rodentWeight,rodentDiet,bedding,room,waterpH,treatmentDose,treatmentType,stockNumber,genotype,genotypeBackground,modelSystemName,strainOfficialName
IndividualAnimalMODEL-ADMetadataTemplate,9733,11314,NA,B-518-20,214801,UCI_TMF,UCI_TMF,male,Mouse,F2,6/26/20,4,months,NA,NA,7% standard,NA,NA,NA,NA,NA,NA,"5XFAD_carrier, Trem2-R47H_NSS_homozygous",C57BL6J,NA,NA
IndividualAnimalMODEL-ADMetadataTemplate,9732,11313,NA,B-517-20,I-356,UCI_TMF,UCI_TMF,female,Mouse,F3,6/25/20,4,months,NA,NA,7% standard,NA,NA,NA,NA,NA,NA,"5XFAD_carrier, Trem2-R47H_NSS_homozygous",C57BL6J,NA,NA
IndividualAnimalMODEL-ADMetadataTemplate,9731,11312,NA,B-517-20,I-356,UCI_TMF,UCI_TMF,female,Mouse,F3,6/25/20,4,months,NA,NA,7% standard,NA,NA,NA,NA,NA,NA,Trem2-R47H_NSS_homozygous,C57BL6J,NA,NA
IndividualAnimalMODEL-ADMetadataTemplate,9729,11310,NA,B-517-20,I-356,UCI_TMF,UCI_TMF,female,Mouse,F3,6/25/20,4,months,NA,NA,7% standard,NA,NA,NA,NA,NA,NA,"5XFAD_carrier, Trem2-R47H_NSS_homozygous",C57BL6J,NA,NA
IndividualAnimalMODEL-ADMetadataTemplate,9728,11309,NA,B-517-20,I-356,UCI_TMF,UCI_TMF,female,Mouse,F3,6/25/20,4,months,NA,NA,7% standard,NA,NA,NA,NA,NA,NA,"5XFAD_carrier, Trem2-R47H_NSS_homozygous",C57BL6J,NA,NA
IndividualAnimalMODEL-ADMetadataTemplate,9723,11304,NA,B-516-20,I-354/355,UCI_TMF,UCI_TMF,female,Mouse,F3,6/25/20,4,months,NA,NA,7% standard,NA,NA,NA,NA,NA,NA,Trem2-R47H_NSS_homozygous,C57BL6J,NA,NA
IndividualAnimalMODEL-ADMetadataTemplate,9721,11302,NA,B-515-20,I-352/353,UCI_TMF,UCI_TMF,female,Mouse,F3,6/25/20,4,months,NA,NA,7% standard,NA,NA,NA,NA,NA,NA,"5XFAD_carrier, Trem2-R47H_NSS_homozygous",C57BL6J,NA,NA
IndividualAnimalMODEL-ADMetadataTemplate,9720,11301,NA,B-515-20,I-352/353,UCI_TMF,UCI_TMF,female,Mouse,F3,6/25/20,4,months,NA,NA,7% standard,NA,NA,NA,NA,NA,NA,"5XFAD_carrier, Trem2-R47H_NSS_homozygous",C57BL6J,NA,NA
IndividualAnimalMODEL-ADMetadataTemplate,9715,11296,NA,B-514-20,I-350/351,UCI_TMF,UCI_TMF,female,Mouse,F3,6/25/20,4,months,NA,NA,7% standard,NA,NA,NA,NA,NA,NA,Trem2-R47H_NSS_homozygous,C57BL6J,NA,NA
IndividualAnimalMODEL-ADMetadataTemplate,9713,11294,NA,B-514-20,I-350/351,UCI_TMF,UCI_TMF,female,Mouse,F3,6/25/20,4,months,NA,NA,7% standard,NA,NA,NA,NA,NA,NA,Trem2-R47H_NSS_homozygous,C57BL6J,NA,NA
IndividualAnimalMODEL-ADMetadataTemplate,9712,11293,NA,B-514-20,I-350/351,UCI_TMF,UCI_TMF,female,Mouse,F3,6/25/20,4,months,NA,NA,7% standard,NA,NA,NA,NA,NA,NA,Trem2-R47H_NSS_homozygous,C57BL6J,NA,NA
IndividualAnimalMODEL-ADMetadataTemplate,9704,11285,NA,B-514-20,I-350/351,UCI_TMF,UCI_TMF,male,Mouse,F3,6/25/20,4,months,NA,NA,7% standard,NA,NA,NA,NA,NA,NA,Trem2-R47H_NSS_homozygous,C57BL6J,NA,NA
IndividualAnimalMODEL-ADMetadataTemplate,9702,11283,NA,B-514-20,I-350/351,UCI_TMF,UCI_TMF,male,Mouse,F3,6/25/20,4,months,NA,NA,7% standard,NA,NA,NA,NA,NA,NA,Trem2-R47H_NSS_homozygous,C57BL6J,NA,NA
IndividualAnimalMODEL-ADMetadataTemplate,9701,11282,NA,B-514-20,I-350/351,UCI_TMF,UCI_TMF,male,Mouse,F3,6/25/20,4,months,NA,NA,7% standard,NA,NA,NA,NA,NA,NA,"5XFAD_carrier, Trem2-R47H_NSS_homozygous",C57BL6J,NA,NA
IndividualAnimalMODEL-ADMetadataTemplate,9700,11281,NA,B-514-20,I-350/351,UCI_TMF,UCI_TMF,male,Mouse,F3,6/25/20,4,months,NA,NA,7% standard,NA,NA,NA,NA,NA,NA,Trem2-R47H_NSS_homozygous,C57BL6J,NA,NA
IndividualAnimalMODEL-ADMetadataTemplate,9699,11280,NA,B-514-20,I-350/351,UCI_TMF,UCI_TMF,male,Mouse,F3,6/25/20,4,months,NA,NA,7% standard,NA,NA,NA,NA,NA,NA,Trem2-R47H_NSS_homozygous,C57BL6J,NA,NA
IndividualAnimalMODEL-ADMetadataTemplate,9698,11279,NA,B-514-20,I-350/351,UCI_TMF,UCI_TMF,male,Mouse,F3,6/25/20,4,months,NA,NA,7% standard,NA,NA,NA,NA,NA,NA,Trem2-R47H_NSS_homozygous,C57BL6J,NA,NA
IndividualAnimalMODEL-ADMetadataTemplate,9697,11278,NA,B-514-20,I-350/351,UCI_TMF,UCI_TMF,male,Mouse,F3,6/25/20,4,months,NA,NA,7% standard,NA,NA,NA,NA,NA,NA,Trem2-R47H_NSS_homozygous,C57BL6J,NA,NA
IndividualAnimalMODEL-ADMetadataTemplate,9635,11209,NA,B-493-20,241888,UCI_TMF,UCI_TMF,male,Mouse,F3,6/18/20,4,months,NA,NA,7% standard,NA,NA,NA,NA,NA,NA,"5XFAD_carrier, Trem2-R47H_NSS_homozygous",C57BL6J,NA,NA
IndividualAnimalMODEL-ADMetadataTemplate,9634,11208,NA,B-493-20,241888,UCI_TMF,UCI_TMF,male,Mouse,F3,6/18/20,4,months,NA,NA,7% standard,NA,NA,NA,NA,NA,NA,"5XFAD_carrier, Trem2-R47H_NSS_homozygous",C57BL6J,NA,NA
IndividualAnimalMODEL-ADMetadataTemplate,9633,11207,NA,B-493-20,241888,UCI_TMF,UCI_TMF,male,Mouse,F3,6/18/20,4,months,NA,NA,7% standard,NA,NA,NA,NA,NA,NA,"5XFAD_carrier, Trem2-R47H_NSS_homozygous",C57BL6J,NA,NA
IndividualAnimalMODEL-ADMetadataTemplate,9631,11205,NA,B-493-20,241888,UCI_TMF,UCI_TMF,male,Mouse,F3,6/18/20,4,months,NA,NA,7% standard,NA,NA,NA,NA,NA,NA,"5XFAD_carrier, Trem2-R47H_NSS_homozygous",C57BL6J,NA,NA
IndividualAnimalMODEL-ADMetadataTemplate,TMF20554,13126,NA,NA,NA,UCI_TMF,UCI_TMF,male,Mouse,N1,8/6/20,4,months,NA,NA,7% standard,NA,NA,NA,NA,NA,34848,5XFAD_noncarrier,C57BL6J,C57BL6J,NA
IndividualAnimalMODEL-ADMetadataTemplate,TMF20556,13127,NA,NA,NA,UCI_TMF,UCI_TMF,male,Mouse,N1,8/6/20,4,months,NA,NA,7% standard,NA,NA,NA,NA,NA,34848,5XFAD_carrier,C57BL6J,5XFAD,NA
IndividualAnimalMODEL-ADMetadataTemplate,TMF20557,13128,NA,NA,NA,UCI_TMF,UCI_TMF,male,Mouse,N1,8/6/20,4,months,NA,NA,7% standard,NA,NA,NA,NA,NA,34848,5XFAD_noncarrier,C57BL6J,C57BL6J,NA
IndividualAnimalMODEL-ADMetadataTemplate,TMF20558,13129,NA,NA,NA,UCI_TMF,UCI_TMF,male,Mouse,N1,8/6/20,4,months,NA,NA,7% standard,NA,NA,NA,NA,NA,34848,5XFAD_carrier,C57BL6J,5XFAD,NA
IndividualAnimalMODEL-ADMetadataTemplate,TMF20559,13130,NA,NA,NA,UCI_TMF,UCI_TMF,male,Mouse,N1,8/6/20,4,months,NA,NA,7% standard,NA,NA,NA,NA,NA,34848,5XFAD_noncarrier,C57BL6J,C57BL6J,NA
IndividualAnimalMODEL-ADMetadataTemplate,TMF20587,13134,NA,NA,NA,UCI_TMF,UCI_TMF,male,Mouse,N1,8/10/20,4,months,NA,NA,7% standard,NA,NA,NA,NA,NA,34848,5XFAD_carrier,C57BL6J,5XFAD,NA
IndividualAnimalMODEL-ADMetadataTemplate,TMF20588,13133,NA,NA,NA,UCI_TMF,UCI_TMF,male,Mouse,N1,8/10/20,4,months,NA,NA,7% standard,NA,NA,NA,NA,NA,34848,5XFAD_noncarrier,C57BL6J,C57BL6J,NA
IndividualAnimalMODEL-ADMetadataTemplate,TMF20589,13132,NA,NA,NA,UCI_TMF,UCI_TMF,male,Mouse,N1,8/10/20,4,months,NA,NA,7% standard,NA,NA,NA,NA,NA,34848,5XFAD_carrier,C57BL6J,5XFAD,NA
IndividualAnimalMODEL-ADMetadataTemplate,TMF20590,13131,NA,NA,NA,UCI_TMF,UCI_TMF,male,Mouse,N1,8/10/20,4,months,NA,NA,7% standard,NA,NA,NA,NA,NA,34848,5XFAD_carrier,C57BL6J,5XFAD,NA
IndividualAnimalMODEL-ADMetadataTemplate,TMF20591,13135,NA,NA,NA,UCI_TMF,UCI_TMF,female,Mouse,N1,8/10/20,4,months,NA,NA,7% standard,NA,NA,NA,NA,NA,34848,5XFAD_carrier,C57BL6J,5XFAD,NA
IndividualAnimalMODEL-ADMetadataTemplate,TMF20592,13136,NA,NA,NA,UCI_TMF,UCI_TMF,female,Mouse,N1,8/10/20,4,months,NA,NA,7% standard,NA,NA,NA,NA,NA,34848,5XFAD_carrier,C57BL6J,5XFAD,NA
IndividualAnimalMODEL-ADMetadataTemplate,TMF20593,13137,NA,NA,NA,UCI_TMF,UCI_TMF,female,Mouse,N1,8/10/20,4,months,NA,NA,7% standard,NA,NA,NA,NA,NA,34848,5XFAD_noncarrier,C57BL6J,C57BL6J,NA
IndividualAnimalMODEL-ADMetadataTemplate,TMF20594,13138,NA,NA,NA,UCI_TMF,UCI_TMF,female,Mouse,N1,8/10/20,4,months,NA,NA,7% standard,NA,NA,NA,NA,NA,34848,5XFAD_carrier,C57BL6J,5XFAD,NA
IndividualAnimalMODEL-ADMetadataTemplate,TMF20682,13155,NA,NA,NA,UCI_TMF,UCI_TMF,female,Mouse,N1,8/12/20,4,months,NA,NA,7% standard,NA,NA,NA,NA,NA,34848,5XFAD_noncarrier,C57BL6J,C57BL6J,NA
IndividualAnimalMODEL-ADMetadataTemplate,TMF20723,13147,NA,NA,NA,UCI_TMF,UCI_TMF,female,Mouse,N1,8/16/20,4,months,NA,NA,7% standard,NA,NA,NA,NA,NA,34848,5XFAD_noncarrier,C57BL6J,C57BL6J,NA
IndividualAnimalMODEL-ADMetadataTemplate,TMF20724,13148,NA,NA,NA,UCI_TMF,UCI_TMF,female,Mouse,N1,8/16/20,4,months,NA,NA,7% standard,NA,NA,NA,NA,NA,34848,5XFAD_carrier,C57BL6J,5XFAD,NA
IndividualAnimalMODEL-ADMetadataTemplate,TMF20725,13149,NA,NA,NA,UCI_TMF,UCI_TMF,female,Mouse,N1,8/16/20,4,months,NA,NA,7% standard,NA,NA,NA,NA,NA,34848,5XFAD_carrier,C57BL6J,5XFAD,NA
IndividualAnimalMODEL-ADMetadataTemplate,TMF20726,13150,NA,NA,NA,UCI_TMF,UCI_TMF,female,Mouse,N1,8/16/20,4,months,NA,NA,7% standard,NA,NA,NA,NA,NA,34848,5XFAD_noncarrier,C57BL6J,C57BL6J,NA
IndividualAnimalMODEL-ADMetadataTemplate,TMF20728,13151,NA,NA,NA,UCI_TMF,UCI_TMF,male,Mouse,N1,8/16/20,4,months,NA,NA,7% standard,NA,NA,NA,NA,NA,34848,5XFAD_noncarrier,C57BL6J,C57BL6J,NA
IndividualAnimalMODEL-ADMetadataTemplate,TMF20729,13160,NA,NA,NA,UCI_TMF,UCI_TMF,female,Mouse,N1,8/16/20,4,months,NA,NA,7% standard,NA,NA,NA,NA,NA,34848,5XFAD_noncarrier,C57BL6J,C57BL6J,NA
IndividualAnimalMODEL-ADMetadataTemplate,TMF20736,13158,NA,NA,NA,UCI_TMF,UCI_TMF,female,Mouse,N1,8/16/20,4,months,NA,NA,7% standard,NA,NA,NA,NA,NA,34848,5XFAD_noncarrier,C57BL6J,C57BL6J,NA
IndividualAnimalMODEL-ADMetadataTemplate,TMF20738,13161,NA,NA,NA,UCI_TMF,UCI_TMF,male,Mouse,N1,8/18/20,4,months,NA,NA,7% standard,NA,NA,NA,NA,NA,34848,5XFAD_noncarrier,C57BL6J,C57BL6J,NA
IndividualAnimalMODEL-ADMetadataTemplate,TMF20776,NA,NA,NA,NA,UCI_TMF,UCI_TMF,NA,Mouse,NA,NA,4,months,NA,NA,7% standard,NA,NA,NA,NA,NA,34848,5XFAD_carrier,C57BL6J,5XFAD,NA
IndividualAnimalMODEL-ADMetadataTemplate,9379,10919,NA,B-435-20,241888,UCI_TMF,UCI_TMF,female,Mouse,F3,5/26/20,12,months,NA,NA,7% standard,NA,NA,NA,NA,NA,NA,"5XFAD_carrier, Trem2-R47H_NSS_homozygous",C57BL6J,NA,NA
IndividualAnimalMODEL-ADMetadataTemplate,9380,10920,NA,B-435-20,241888,UCI_TMF,UCI_TMF,female,Mouse,F3,5/26/20,12,months,NA,NA,7% standard,NA,NA,NA,NA,NA,NA,Trem2-R47H_NSS_homozygous,C57BL6J,NA,NA
IndividualAnimalMODEL-ADMetadataTemplate,9383,10923,NA,B-435-20,241888,UCI_TMF,UCI_TMF,female,Mouse,F3,5/26/20,12,months,NA,NA,7% standard,NA,NA,NA,NA,NA,NA,"5XFAD_carrier, Trem2-R47H_NSS_homozygous",C57BL6J,NA,NA
IndividualAnimalMODEL-ADMetadataTemplate,9384,10924,NA,B-435-20,241888,UCI_TMF,UCI_TMF,female,Mouse,F3,5/26/20,12,months,NA,NA,7% standard,NA,NA,NA,NA,NA,NA,Trem2-R47H_NSS_homozygous,C57BL6J,NA,NA
IndividualAnimalMODEL-ADMetadataTemplate,9385,10925,NA,B-435-20,241888,UCI_TMF,UCI_TMF,female,Mouse,F3,5/26/20,12,months,NA,NA,7% standard,NA,NA,NA,NA,NA,NA,"5XFAD_carrier, Trem2-R47H_NSS_homozygous",C57BL6J,NA,NA
IndividualAnimalMODEL-ADMetadataTemplate,9386,10926,NA,B-435-20,241888,UCI_TMF,UCI_TMF,female,Mouse,F3,5/26/20,12,months,NA,NA,7% standard,NA,NA,NA,NA,NA,NA,Trem2-R47H_NSS_homozygous,C57BL6J,NA,NA
IndividualAnimalMODEL-ADMetadataTemplate,9388,10928,NA,B-435-20,241888,UCI_TMF,UCI_TMF,female,Mouse,F3,5/26/20,12,months,NA,NA,7% standard,NA,NA,NA,NA,NA,NA,"5XFAD_carrier, Trem2-R47H_NSS_homozygous",C57BL6J,NA,NA
IndividualAnimalMODEL-ADMetadataTemplate,9477,11038,NA,B-453-20,217511,UCI_TMF,UCI_TMF,female,Mouse,F2,6/4/20,12,months,NA,NA,7% standard,NA,NA,NA,NA,NA,NA,Trem2-R47H_NSS_homozygous,C57BL6J,NA,NA
IndividualAnimalMODEL-ADMetadataTemplate,9660,11234,NA,B-504-20,231285,UCI_TMF,UCI_TMF,male,Mouse,F2,6/21/20,12,months,NA,NA,7% standard,NA,NA,NA,NA,NA,NA,"5XFAD_carrier, Trem2-R47H_NSS_homozygous",C57BL6J,NA,NA
IndividualAnimalMODEL-ADMetadataTemplate,9761,11342,NA,B-526-20,231286,UCI_TMF,UCI_TMF,male,Mouse,F2,6/28/20,12,months,NA,NA,7% standard,NA,NA,NA,NA,NA,NA,"5XFAD_carrier, Trem2-R47H_NSS_homozygous",C57BL6J,NA,NA
IndividualAnimalMODEL-ADMetadataTemplate,10042,11623,NA,B-580-20,241888,UCI_TMF,UCI_TMF,male,Mouse,F3,7/20/20,12,months,NA,NA,7% standard,NA,NA,NA,NA,NA,NA,"5XFAD_carrier, Trem2-R47H_NSS_homozygous",C57BL6J,NA,NA
IndividualAnimalMODEL-ADMetadataTemplate,10043,11624,NA,B-580-20,241888,UCI_TMF,UCI_TMF,male,Mouse,F3,7/20/20,12,months,NA,NA,7% standard,NA,NA,NA,NA,NA,NA,"5XFAD_carrier, Trem2-R47H_NSS_homozygous",C57BL6J,NA,NA
IndividualAnimalMODEL-ADMetadataTemplate,10096,11677,NA,B-609-20,241888,UCI_TMF,UCI_TMF,male,Mouse,F3,7/26/20,12,months,NA,NA,7% standard,NA,NA,NA,NA,NA,NA,Trem2-R47H_NSS_homozygous,C57BL6J,NA,NA
IndividualAnimalMODEL-ADMetadataTemplate,10097,11678,NA,B-609-20,241888,UCI_TMF,UCI_TMF,male,Mouse,F3,7/26/20,12,months,NA,NA,7% standard,NA,NA,NA,NA,NA,NA,"5XFAD_carrier, Trem2-R47H_NSS_homozygous",C57BL6J,NA,NA
IndividualAnimalMODEL-ADMetadataTemplate,10098,11679,NA,B-609-20,241888,UCI_TMF,UCI_TMF,male,Mouse,F3,7/26/20,12,months,NA,NA,7% standard,NA,NA,NA,NA,NA,NA,Trem2-R47H_NSS_homozygous,C57BL6J,NA,NA
IndividualAnimalMODEL-ADMetadataTemplate,10099,11680,NA,B-609-20,241888,UCI_TMF,UCI_TMF,male,Mouse,F3,7/26/20,12,months,NA,NA,7% standard,NA,NA,NA,NA,NA,NA,Trem2-R47H_NSS_homozygous,C57BL6J,NA,NA
IndividualAnimalMODEL-ADMetadataTemplate,10100,11681,NA,B-609-20,241888,UCI_TMF,UCI_TMF,male,Mouse,F3,7/26/20,12,months,NA,NA,7% standard,NA,NA,NA,NA,NA,NA,Trem2-R47H_NSS_homozygous,C57BL6J,NA,NA
IndividualAnimalMODEL-ADMetadataTemplate,7119,8550,NA,B-764-19,194451,UCI_TMF,UCI_TMF,male,Mouse,F1,12/17/19,12,months,NA,NA,7% standard,NA,NA,NA,NA,NA,NA,5XFAD_noncarrier,C57BL6J,C57BL6J,NA
IndividualAnimalMODEL-ADMetadataTemplate,7120,8551,NA,B-764-19,194451,UCI_TMF,UCI_TMF,male,Mouse,F1,12/17/19,12,months,NA,NA,7% standard,NA,NA,NA,NA,NA,NA,5XFAD_carrier,C57BL6J,5XFAD,NA
IndividualAnimalMODEL-ADMetadataTemplate,7121,8552,NA,B-764-19,194451,UCI_TMF,UCI_TMF,male,Mouse,F1,12/17/19,12,months,NA,NA,7% standard,NA,NA,NA,NA,NA,NA,5XFAD_noncarrier,C57BL6J,C57BL6J,NA
IndividualAnimalMODEL-ADMetadataTemplate,7134,8565,NA,B-766-19,204064,UCI_TMF,UCI_TMF,male,Mouse,F1,12/18/19,12,months,NA,NA,7% standard,NA,NA,NA,NA,NA,NA,5XFAD_carrier,C57BL6J,5XFAD,NA
IndividualAnimalMODEL-ADMetadataTemplate,7547,8978,NA,B-73-20,161814,UCI_TMF,UCI_TMF,female,Mouse,N1,1/19/20,12,months,NA,NA,7% standard,NA,NA,NA,NA,NA,34848,5XFAD_carrier,C57BL6J,5XFAD,NA
IndividualAnimalMODEL-ADMetadataTemplate,7548,8979,NA,B-73-20,161814,UCI_TMF,UCI_TMF,female,Mouse,N1,1/19/20,12,months,NA,NA,7% standard,NA,NA,NA,NA,NA,34848,5XFAD_carrier,C57BL6J,5XFAD,NA
IndividualAnimalMODEL-ADMetadataTemplate,7549,8980,NA,B-73-20,161814,UCI_TMF,UCI_TMF,female,Mouse,N1,1/19/20,12,months,NA,NA,7% standard,NA,NA,NA,NA,NA,34848,5XFAD_noncarrier,C57BL6J,C57BL6J,NA
IndividualAnimalMODEL-ADMetadataTemplate,7580,9011,NA,B-61-20,197354 [ABI3-A],UCI_TMF,UCI_TMF,female,Mouse,N2-F1,1/21/20,12,months,NA,NA,7% standard,NA,NA,NA,NA,NA,35871,5XFAD_noncarrier,C57BL6J,C57BL6J,NA
IndividualAnimalMODEL-ADMetadataTemplate,7715,9146,NA,B-86-20,194453,UCI_TMF,UCI_TMF,female,Mouse,F1,1/30/20,12,months,NA,NA,7% standard,NA,NA,NA,NA,NA,NA,5XFAD_carrier,C57BL6J,5XFAD,NA
IndividualAnimalMODEL-ADMetadataTemplate,7764,9195,NA,B-105-20,204061 [BIN1 A],UCI_TMF,UCI_TMF,male,Mouse,F1,2/4/20,12,months,NA,NA,7% standard,NA,NA,NA,NA,NA,NA,5XFAD_carrier,C57BL6J,5XFAD,NA
IndividualAnimalMODEL-ADMetadataTemplate,7772,9203,NA,B-108-20,209787,UCI_TMF,UCI_TMF,male,Mouse,F1,2/5/20,12,months,NA,NA,7% standard,NA,NA,NA,NA,NA,NA,5XFAD_noncarrier,C57BL6J,C57BL6J,NA
IndividualAnimalMODEL-ADMetadataTemplate,7939,9377,NA,B-144-20,194453,UCI_TMF,UCI_TMF,female,Mouse,F1,2/20/20,12,months,NA,NA,7% standard,NA,NA,NA,NA,NA,NA,5XFAD_carrier,C57BL6J,5XFAD,NA
IndividualAnimalMODEL-ADMetadataTemplate,8041,9479,NA,B-165-20,220402,UCI_TMF,UCI_TMF,male,Mouse,F2,2/26/20,12,months,NA,NA,7% standard,NA,NA,NA,NA,NA,NA,5XFAD_noncarrier,C57BL6J,C57BL6J,NA
IndividualAnimalMODEL-ADMetadataTemplate,8062,9500,NA,B-177-20,197295 [16983 A-1],UCI_TMF,UCI_TMF,female,Mouse,N1-F1,3/1/20,12,months,NA,NA,7% standard,NA,NA,NA,NA,NA,NA,5XFAD_noncarrier,C57BL6J,C57BL6J,NA
IndividualAnimalMODEL-ADMetadataTemplate,8123,9579,NA,B-188-20,214791,UCI_TMF,UCI_TMF,female,Mouse,N2-F1,3/5/20,12,months,NA,NA,7% standard,NA,NA,NA,NA,NA,NA,5XFAD_noncarrier,C57BL6J,C57BL6J,NA
IndividualAnimalMODEL-ADMetadataTemplate,8350,9837,NA,B-242-20,227065,UCI_TMF,UCI_TMF,male,Mouse,F1,3/23/20,12,months,NA,NA,7% standard,NA,NA,NA,NA,NA,NA,5XFAD_noncarrier,C57BL6J,C57BL6J,NA
IndividualAnimalMODEL-ADMetadataTemplate,9730,11311,NA,B-517-20,I-356,UCI_TMF,UCI_TMF,female,Mouse,F3,6/25/20,4,months,NA,NA,7% standard,NA,NA,NA,NA,NA,NA,"5XFAD_carrier, Trem2-R47H_NSS_homozygous",C57BL6J,NA,NA
IndividualAnimalMODEL-ADMetadataTemplate,9719,11300,NA,B-515-20,I-352/353,UCI_TMF,UCI_TMF,male,Mouse,F3,6/25/20,4,months,NA,NA,7% standard,NA,NA,NA,NA,NA,NA,"5XFAD_carrier, Trem2-R47H_NSS_homozygous",C57BL6J,NA,NA
IndividualAnimalMODEL-ADMetadataTemplate,9717,11298,NA,B-515-20,I-352/353,UCI_TMF,UCI_TMF,male,Mouse,F3,6/25/20,4,months,NA,NA,7% standard,NA,NA,NA,NA,NA,NA,"5XFAD_carrier, Trem2-R47H_NSS_homozygous",C57BL6J,NA,NA
IndividualAnimalMODEL-ADMetadataTemplate,9716,11297,NA,B-515-20,I-352/353,UCI_TMF,UCI_TMF,male,Mouse,F3,6/25/20,4,months,NA,NA,7% standard,NA,NA,NA,NA,NA,NA,"5XFAD_carrier, Trem2-R47H_NSS_homozygous",C57BL6J,NA,NA
IndividualAnimalMODEL-ADMetadataTemplate,9714,11295,NA,B-514-20,I-350/351,UCI_TMF,UCI_TMF,female,Mouse,F3,6/25/20,4,months,NA,NA,7% standard,NA,NA,NA,NA,NA,NA,"5XFAD_carrier, Trem2-R47H_NSS_homozygous",C57BL6J,NA,NA
IndividualAnimalMODEL-ADMetadataTemplate,9708,11289,NA,B-514-20,I-350/351,UCI_TMF,UCI_TMF,female,Mouse,F3,6/25/20,4,months,NA,NA,7% standard,NA,NA,NA,NA,NA,NA,"5XFAD_carrier, Trem2-R47H_NSS_homozygous",C57BL6J,NA,NA
IndividualAnimalMODEL-ADMetadataTemplate,9706,11287,NA,B-514-20,I-350/351,UCI_TMF,UCI_TMF,female,Mouse,F3,6/25/20,4,months,NA,NA,7% standard,NA,NA,NA,NA,NA,NA,"5XFAD_carrier, Trem2-R47H_NSS_homozygous",C57BL6J,NA,NA
IndividualAnimalMODEL-ADMetadataTemplate,9473,11034,NA,B-453-20,217511,UCI_TMF,UCI_TMF,female,Mouse,F2,6/4/20,4,months,NA,NA,7% standard,NA,NA,NA,NA,NA,NA,"5XFAD_carrier, Trem2-R47H_NSS_homozygous",C57BL6J,NA,NA
IndividualAnimalMODEL-ADMetadataTemplate,9726,11307,NA,B-517-20,I-356,UCI_TMF,UCI_TMF,male,Mouse,F3,6/25/20,4,months,NA,NA,7% standard,NA,NA,NA,NA,NA,NA,Trem2-R47H_NSS_homozygous,C57BL6J,NA,NA
IndividualAnimalMODEL-ADMetadataTemplate,9725,11306,NA,B-517-20,I-356,UCI_TMF,UCI_TMF,male,Mouse,F3,6/25/20,4,months,NA,NA,7% standard,NA,NA,NA,NA,NA,NA,Trem2-R47H_NSS_homozygous,C57BL6J,NA,NA
IndividualAnimalMODEL-ADMetadataTemplate,9724,11305,NA,B-517-20,I-356,UCI_TMF,UCI_TMF,male,Mouse,F3,6/25/20,4,months,NA,NA,7% standard,NA,NA,NA,NA,NA,NA,Trem2-R47H_NSS_homozygous,C57BL6J,NA,NA
IndividualAnimalMODEL-ADMetadataTemplate,9718,11299,NA,B-515-20,I-352/353,UCI_TMF,UCI_TMF,male,Mouse,F3,6/25/20,4,months,NA,NA,7% standard,NA,NA,NA,NA,NA,NA,Trem2-R47H_NSS_homozygous,C57BL6J,NA,NA
IndividualAnimalMODEL-ADMetadataTemplate,9711,11292,NA,B-514-20,I-350/351,UCI_TMF,UCI_TMF,female,Mouse,F3,6/25/20,4,months,NA,NA,7% standard,NA,NA,NA,NA,NA,NA,Trem2-R47H_NSS_homozygous,C57BL6J,NA,NA
IndividualAnimalMODEL-ADMetadataTemplate,9710,11291,NA,B-514-20,I-350/351,UCI_TMF,UCI_TMF,female,Mouse,F3,6/25/20,4,months,NA,NA,7% standard,NA,NA,NA,NA,NA,NA,Trem2-R47H_NSS_homozygous,C57BL6J,NA,NA
IndividualAnimalMODEL-ADMetadataTemplate,9709,11290,NA,B-514-20,I-350/351,UCI_TMF,UCI_TMF,female,Mouse,F3,6/25/20,4,months,NA,NA,7% standard,NA,NA,NA,NA,NA,NA,Trem2-R47H_NSS_homozygous,C57BL6J,NA,NA
IndividualAnimalMODEL-ADMetadataTemplate,9707,11288,NA,B-514-20,I-350/351,UCI_TMF,UCI_TMF,female,Mouse,F3,6/25/20,4,months,NA,NA,7% standard,NA,NA,NA,NA,NA,NA,Trem2-R47H_NSS_homozygous,C57BL6J,NA,NA
IndividualAnimalMODEL-ADMetadataTemplate,9705,11286,NA,B-514-20,I-350/351,UCI_TMF,UCI_TMF,male,Mouse,F3,6/25/20,4,months,NA,NA,7% standard,NA,NA,NA,NA,NA,NA,Trem2-R47H_NSS_homozygous,C57BL6J,NA,NA
IndividualAnimalMODEL-ADMetadataTemplate,9474,11035,NA,B-453-20,217511,UCI_TMF,UCI_TMF,female,Mouse,F2,6/4/20,4,months,NA,NA,7% standard,NA,NA,NA,NA,NA,NA,Trem2-R47H_NSS_homozygous,C57BL6J,NA,NA
IndividualAnimalMODEL-ADMetadataTemplate,15520,17653,NA,B-628-21,297397,UCI_TMF,UCI_TMF,female,Mouse,N2-F1,10/2/21,4,months,NA,NA,7% standard,NA,NA,NA,NA,NA,NA,5XFAD_noncarrier,C57BL6J,C57BL6J,NA
IndividualAnimalMODEL-ADMetadataTemplate,15519,17652,NA,B-628-21,297397,UCI_TMF,UCI_TMF,female,Mouse,N2-F1,10/2/21,4,months,NA,NA,7% standard,NA,NA,NA,NA,NA,NA,5XFAD_noncarrier,C57BL6J,C57BL6J,NA
IndividualAnimalMODEL-ADMetadataTemplate,15515,17648,NA,B-623-21,325112,UCI_TMF,UCI_TMF,female,Mouse,NA,10/1/21,4,months,NA,NA,7% standard,NA,NA,NA,NA,NA,NA,5XFAD_noncarrier,C57BL6J,C57BL6J,NA
IndividualAnimalMODEL-ADMetadataTemplate,15510,17643,NA,B-623-21,325112,UCI_TMF,UCI_TMF,male,Mouse,NA,10/1/21,4,months,NA,NA,7% standard,NA,NA,NA,NA,NA,NA,5XFAD_noncarrier,C57BL6J,C57BL6J,NA
IndividualAnimalMODEL-ADMetadataTemplate,10351,11937,NA,B-648-20,231286,UCI_TMF,UCI_TMF,male,Mouse,F2,8/10/20,4,months,NA,NA,7% standard,NA,NA,NA,NA,NA,NA,"5XFAD_carrier, Trem2-R47H_NSS_homozygous",C57BL6J,NA,NA
IndividualAnimalMODEL-ADMetadataTemplate,10352,11938,NA,B-648-20,231286,UCI_TMF,UCI_TMF,male,Mouse,F2,8/10/20,4,months,NA,NA,7% standard,NA,NA,NA,NA,NA,NA,"5XFAD_carrier, Trem2-R47H_NSS_homozygous",C57BL6J,NA,NA
IndividualAnimalMODEL-ADMetadataTemplate,12287,14147,NA,B-1033-20,272377,UCI_TMF,UCI_TMF,male,Mouse,F1,12/24/20,12,months,NA,NA,7% standard,NA,NA,NA,NA,NA,NA,5XFAD_noncarrier,C57BL6J,C57BL6J,NA
IndividualAnimalMODEL-ADMetadataTemplate,12212,14072,NA,B-1015-20,272307,UCI_TMF,UCI_TMF,female,Mouse,N2,12/17/20,12,months,NA,NA,7% standard,NA,NA,NA,NA,NA,NA,5XFAD_noncarrier,C57BL6J,C57BL6J,NA
IndividualAnimalMODEL-ADMetadataTemplate,12211,14071,NA,B-1015-20,272307,UCI_TMF,UCI_TMF,female,Mouse,N2,12/17/20,12,months,NA,NA,7% standard,NA,NA,NA,NA,NA,NA,5XFAD_noncarrier,C57BL6J,C57BL6J,NA
IndividualAnimalMODEL-ADMetadataTemplate,12209,14069,NA,B-1015-20,272307,UCI_TMF,UCI_TMF,female,Mouse,N2,12/17/20,12,months,NA,NA,7% standard,NA,NA,NA,NA,NA,NA,5XFAD_noncarrier,C57BL6J,C57BL6J,NA
IndividualAnimalMODEL-ADMetadataTemplate,12208,14068,NA,B-1015-20,272307,UCI_TMF,UCI_TMF,male,Mouse,N2,12/17/20,12,months,NA,NA,7% standard,NA,NA,NA,NA,NA,NA,5XFAD_noncarrier,C57BL6J,C57BL6J,NA
IndividualAnimalMODEL-ADMetadataTemplate,12207,14067,NA,B-1015-20,272307,UCI_TMF,UCI_TMF,male,Mouse,N2,12/17/20,12,months,NA,NA,7% standard,NA,NA,NA,NA,NA,NA,5XFAD_carrier,C57BL6J,5XFAD,NA
IndividualAnimalMODEL-ADMetadataTemplate,12206,14066,NA,B-1015-20,272307,UCI_TMF,UCI_TMF,male,Mouse,N2,12/17/20,12,months,NA,NA,7% standard,NA,NA,NA,NA,NA,NA,5XFAD_carrier,C57BL6J,5XFAD,NA
IndividualAnimalMODEL-ADMetadataTemplate,12149,14009,NA,B-1005-20,272308,UCI_TMF,UCI_TMF,female,Mouse,N2,12/13/20,12,months,NA,NA,7% standard,NA,NA,NA,NA,NA,NA,5XFAD_carrier,C57BL6J,5XFAD,NA
IndividualAnimalMODEL-ADMetadataTemplate,12148,14008,NA,B-1005-20,272308,UCI_TMF,UCI_TMF,male,Mouse,N2,12/13/20,12,months,NA,NA,7% standard,NA,NA,NA,NA,NA,NA,5XFAD_carrier,C57BL6J,5XFAD,NA
IndividualAnimalMODEL-ADMetadataTemplate,12143,14003,NA,B-994-20,264709,UCI_TMF,UCI_TMF,female,Mouse,N2,12/15/20,12,months,NA,NA,7% standard,NA,NA,NA,NA,NA,NA,5XFAD_carrier,C57BL6J,5XFAD,NA
IndividualAnimalMODEL-ADMetadataTemplate,12142,14002,NA,B-994-20,264709,UCI_TMF,UCI_TMF,female,Mouse,N2,12/15/20,12,months,NA,NA,7% standard,NA,NA,NA,NA,NA,NA,5XFAD_noncarrier,C57BL6J,C57BL6J,NA
IndividualAnimalMODEL-ADMetadataTemplate,12141,14001,NA,B-994-20,264709,UCI_TMF,UCI_TMF,female,Mouse,N2,12/15/20,12,months,NA,NA,7% standard,NA,NA,NA,NA,NA,NA,5XFAD_noncarrier,C57BL6J,C57BL6J,NA
IndividualAnimalMODEL-ADMetadataTemplate,12140,14000,NA,B-994-20,264709,UCI_TMF,UCI_TMF,female,Mouse,N2,12/15/20,12,months,NA,NA,7% standard,NA,NA,NA,NA,NA,NA,5XFAD_carrier,C57BL6J,5XFAD,NA
IndividualAnimalMODEL-ADMetadataTemplate,12139,13999,NA,B-994-20,264709,UCI_TMF,UCI_TMF,female,Mouse,N2,12/11/20,12,months,NA,NA,7% standard,NA,NA,NA,NA,NA,NA,5XFAD_carrier,C57BL6J,5XFAD,NA
IndividualAnimalMODEL-ADMetadataTemplate,12138,13998,NA,B-994-20,264709,UCI_TMF,UCI_TMF,female,Mouse,N2,12/11/20,12,months,NA,NA,7% standard,NA,NA,NA,NA,NA,NA,5XFAD_carrier,C57BL6J,5XFAD,NA
IndividualAnimalMODEL-ADMetadataTemplate,12136,13996,NA,B-994-20,264709,UCI_TMF,UCI_TMF,male,Mouse,N2,12/11/20,12,months,NA,NA,7% standard,NA,NA,NA,NA,NA,NA,5XFAD_noncarrier,C57BL6J,C57BL6J,NA
IndividualAnimalMODEL-ADMetadataTemplate,12135,13995,NA,B-994-20,264709,UCI_TMF,UCI_TMF,male,Mouse,N2,12/11/20,12,months,NA,NA,7% standard,NA,NA,NA,NA,NA,NA,5XFAD_carrier,C57BL6J,5XFAD,NA
IndividualAnimalMODEL-ADMetadataTemplate,12134,13994,NA,B-994-20,264709,UCI_TMF,UCI_TMF,male,Mouse,N2,12/11/20,12,months,NA,NA,7% standard,NA,NA,NA,NA,NA,NA,5XFAD_noncarrier,C57BL6J,C57BL6J,NA
IndividualAnimalMODEL-ADMetadataTemplate,12133,13993,NA,B-994-20,264709,UCI_TMF,UCI_TMF,male,Mouse,N2,12/11/20,12,months,NA,NA,7% standard,NA,NA,NA,NA,NA,NA,5XFAD_carrier,C57BL6J,5XFAD,NA
IndividualAnimalMODEL-ADMetadataTemplate,12091,13951,NA,B-997-20,I-506/507,UCI_TMF,UCI_TMF,male,Mouse,F3,12/10/20,12,months,NA,NA,7% standard,NA,NA,NA,NA,NA,NA,Trem2-R47H_NSS_homozygous,C57BL6J,NA,NA
IndividualAnimalMODEL-ADMetadataTemplate,12090,13950,NA,B-997-20,I-506/507,UCI_TMF,UCI_TMF,male,Mouse,F3,12/10/20,12,months,NA,NA,7% standard,NA,NA,NA,NA,NA,NA,Trem2-R47H_NSS_homozygous,C57BL6J,NA,NA
IndividualAnimalMODEL-ADMetadataTemplate,12089,13949,NA,B-997-20,I-506/507,UCI_TMF,UCI_TMF,male,Mouse,F3,12/10/20,12,months,NA,NA,7% standard,NA,NA,NA,NA,NA,NA,"5XFAD_carrier, Trem2-R47H_NSS_homozygous",C57BL6J,NA,NA
IndividualAnimalMODEL-ADMetadataTemplate,12088,13948,NA,B-997-20,I-506/507,UCI_TMF,UCI_TMF,male,Mouse,F3,12/10/20,12,months,NA,NA,7% standard,NA,NA,NA,NA,NA,NA,Trem2-R47H_NSS_homozygous,C57BL6J,NA,NA
IndividualAnimalMODEL-ADMetadataTemplate,12087,13947,NA,B-996-20,I-504/505,UCI_TMF,UCI_TMF,female,Mouse,F3,12/10/20,12,months,NA,NA,7% standard,NA,NA,NA,NA,NA,NA,"5XFAD_carrier, Trem2-R47H_NSS_homozygous",C57BL6J,NA,NA
IndividualAnimalMODEL-ADMetadataTemplate,12086,13946,NA,B-996-20,I-504/505,UCI_TMF,UCI_TMF,female,Mouse,F3,12/10/20,12,months,NA,NA,7% standard,NA,NA,NA,NA,NA,NA,"5XFAD_carrier, Trem2-R47H_NSS_homozygous",C57BL6J,NA,NA
IndividualAnimalMODEL-ADMetadataTemplate,12085,13945,NA,B-996-20,I-504/505,UCI_TMF,UCI_TMF,female,Mouse,F3,12/10/20,12,months,NA,NA,7% standard,NA,NA,NA,NA,NA,NA,Trem2-R47H_NSS_homozygous,C57BL6J,NA,NA
IndividualAnimalMODEL-ADMetadataTemplate,12084,13944,NA,B-996-20,I-504/505,UCI_TMF,UCI_TMF,female,Mouse,F3,12/10/20,12,months,NA,NA,7% standard,NA,NA,NA,NA,NA,NA,"5XFAD_carrier, Trem2-R47H_NSS_homozygous",C57BL6J,NA,NA
IndividualAnimalMODEL-ADMetadataTemplate,12083,13943,NA,B-996-20,I-504/505,UCI_TMF,UCI_TMF,female,Mouse,F3,12/10/20,12,months,NA,NA,7% standard,NA,NA,NA,NA,NA,NA,Trem2-R47H_NSS_homozygous,C57BL6J,NA,NA
IndividualAnimalMODEL-ADMetadataTemplate,12082,13942,NA,B-996-20,I-504/505,UCI_TMF,UCI_TMF,male,Mouse,F3,12/10/20,12,months,NA,NA,7% standard,NA,NA,NA,NA,NA,NA,Trem2-R47H_NSS_homozygous,C57BL6J,NA,NA
IndividualAnimalMODEL-ADMetadataTemplate,12076,13936,NA,B-995-20,I-502/503,UCI_TMF,UCI_TMF,female,Mouse,F3,12/10/20,12,months,NA,NA,7% standard,NA,NA,NA,NA,NA,NA,"5XFAD_carrier, Trem2-R47H_NSS_homozygous",C57BL6J,NA,NA
IndividualAnimalMODEL-ADMetadataTemplate,12075,13935,NA,B-995-20,I-502/503,UCI_TMF,UCI_TMF,female,Mouse,F3,12/10/20,12,months,NA,NA,7% standard,NA,NA,NA,NA,NA,NA,"5XFAD_carrier, Trem2-R47H_NSS_homozygous",C57BL6J,NA,NA
IndividualAnimalMODEL-ADMetadataTemplate,12074,13934,NA,B-995-20,I-502/503,UCI_TMF,UCI_TMF,female,Mouse,F3,12/10/20,12,months,NA,NA,7% standard,NA,NA,NA,NA,NA,NA,Trem2-R47H_NSS_homozygous,C57BL6J,NA,NA
IndividualAnimalMODEL-ADMetadataTemplate,12073,13933,NA,B-995-20,I-502/503,UCI_TMF,UCI_TMF,female,Mouse,F3,12/10/20,12,months,NA,NA,7% standard,NA,NA,NA,NA,NA,NA,Trem2-R47H_NSS_homozygous,C57BL6J,NA,NA
IndividualAnimalMODEL-ADMetadataTemplate,12070,13930,NA,B-995-20,I-502/503,UCI_TMF,UCI_TMF,male,Mouse,F3,12/10/20,12,months,NA,NA,7% standard,NA,NA,NA,NA,NA,NA,"5XFAD_carrier, Trem2-R47H_NSS_homozygous",C57BL6J,NA,NA
IndividualAnimalMODEL-ADMetadataTemplate,12069,13929,NA,B-995-20,I-502/503,UCI_TMF,UCI_TMF,male,Mouse,F3,12/10/20,12,months,NA,NA,7% standard,NA,NA,NA,NA,NA,NA,"5XFAD_carrier, Trem2-R47H_NSS_homozygous",C57BL6J,NA,NA
IndividualAnimalMODEL-ADMetadataTemplate,12068,13928,NA,B-995-20,I-502/503,UCI_TMF,UCI_TMF,male,Mouse,F3,12/10/20,12,months,NA,NA,7% standard,NA,NA,NA,NA,NA,NA,"5XFAD_carrier, Trem2-R47H_NSS_homozygous",C57BL6J,NA,NA
IndividualAnimalMODEL-ADMetadataTemplate,12067,13927,NA,B-995-20,I-502/503,UCI_TMF,UCI_TMF,male,Mouse,F3,12/10/20,12,months,NA,NA,7% standard,NA,NA,NA,NA,NA,NA,Trem2-R47H_NSS_homozygous,C57BL6J,NA,NA
IndividualAnimalMODEL-ADMetadataTemplate,12066,13926,NA,B-995-20,I-502/503,UCI_TMF,UCI_TMF,male,Mouse,F3,12/10/20,12,months,NA,NA,7% standard,NA,NA,NA,NA,NA,NA,"5XFAD_carrier, Trem2-R47H_NSS_homozygous",C57BL6J,NA,NA
IndividualAnimalMODEL-ADMetadataTemplate,11929,13789,NA,B-956-20,272377,UCI_TMF,UCI_TMF,male,Mouse,F1,11/30/20,12,months,NA,NA,7% standard,NA,NA,NA,NA,NA,NA,5XFAD_noncarrier,C57BL6J,C57BL6J,NA
IndividualAnimalMODEL-ADMetadataTemplate,7683,9114,NA,B-78-20,197356,UCI_TMF,UCI_TMF,female,Mouse,F1,1/25/20,12,months,NA,NA,7% standard,NA,NA,NA,NA,NA,NA,5XFAD_carrier,C57BL6J,5XFAD,NA
IndividualAnimalMODEL-ADMetadataTemplate,7684,9115,NA,B-78-20,197356,UCI_TMF,UCI_TMF,female,Mouse,F1,1/25/20,12,months,NA,NA,7% standard,NA,NA,NA,NA,NA,NA,5XFAD_noncarrier,C57BL6J,C57BL6J,NA
IndividualAnimalMODEL-ADMetadataTemplate,7987,9425,NA,B-155-20,204064,UCI_TMF,UCI_TMF,male,Mouse,F1,2/23/20,12,months,NA,NA,7% standard,NA,NA,NA,NA,NA,NA,5XFAD_carrier,C57BL6J,5XFAD,NA
IndividualAnimalMODEL-ADMetadataTemplate,7988,9426,NA,B-155-20,204064,UCI_TMF,UCI_TMF,female,Mouse,F1,2/23/20,12,months,NA,NA,7% standard,NA,NA,NA,NA,NA,NA,5XFAD_carrier,C57BL6J,5XFAD,NA
IndividualAnimalMODEL-ADMetadataTemplate,8382,9880,NA,B-249-20,227063,UCI_TMF,UCI_TMF,male,Mouse,N2-F1,3/24/20,12,months,NA,NA,7% standard,NA,NA,NA,NA,NA,NA,5XFAD_noncarrier,C57BL6J,C57BL6J,NA
IndividualAnimalMODEL-ADMetadataTemplate,8392,9890,NA,B-253-20,227060,UCI_TMF,UCI_TMF,male,Mouse,F1,3/25/20,12,months,NA,NA,7% standard,NA,NA,NA,NA,NA,NA,5XFAD_carrier,C57BL6J,5XFAD,NA
IndividualAnimalMODEL-ADMetadataTemplate,8393,9891,NA,B-253-20,227060,UCI_TMF,UCI_TMF,male,Mouse,F1,3/25/20,12,months,NA,NA,7% standard,NA,NA,NA,NA,NA,NA,5XFAD_carrier,C57BL6J,5XFAD,NA
IndividualAnimalMODEL-ADMetadataTemplate,9382,10922,NA,B-435-20,241888,UCI_TMF,UCI_TMF,female,Mouse,F3,5/26/20,12,months,NA,NA,7% standard,NA,NA,NA,NA,NA,NA,Trem2-R47H_NSS_homozygous,C57BL6J,NA,NA
IndividualAnimalMODEL-ADMetadataTemplate,9387,10927,NA,B-435-20,241888,UCI_TMF,UCI_TMF,female,Mouse,F3,5/26/20,12,months,NA,NA,7% standard,NA,NA,NA,NA,NA,NA,"5XFAD_carrier, Trem2-R47H_NSS_homozygous",C57BL6J,NA,NA
IndividualAnimalMODEL-ADMetadataTemplate,9476,11037,NA,B-453-20,217511,UCI_TMF,UCI_TMF,female,Mouse,F2,6/4/20,12,months,NA,NA,7% standard,NA,NA,NA,NA,NA,NA,Trem2-R47H_NSS_homozygous,C57BL6J,NA,NA
IndividualAnimalMODEL-ADMetadataTemplate,9639,11213,NA,B-493-20,241888,UCI_TMF,UCI_TMF,female,Mouse,F3,6/18/20,12,months,NA,NA,7% standard,NA,NA,NA,NA,NA,NA,"5XFAD_carrier, Trem2-R47H_NSS_homozygous",C57BL6J,NA,NA
IndividualAnimalMODEL-ADMetadataTemplate,10040,11621,NA,B-580-20,241888,UCI_TMF,UCI_TMF,male,Mouse,F3,7/20/20,12,months,NA,NA,7% standard,NA,NA,NA,NA,NA,NA,Trem2-R47H_NSS_homozygous,C57BL6J,NA,NA
IndividualAnimalMODEL-ADMetadataTemplate,10041,11622,NA,B-580-20,241888,UCI_TMF,UCI_TMF,male,Mouse,F3,7/20/20,12,months,NA,NA,7% standard,NA,NA,NA,NA,NA,NA,Trem2-R47H_NSS_homozygous,C57BL6J,NA,NA
IndividualAnimalMODEL-ADMetadataTemplate,TMF20734,13156,NA,B-114-20,259194,UCI_TMF,UCI_TMF,female,Mouse,N1,8/16/20,4,months,NA,NA,7% standard,NA,NA,NA,NA,NA,34848,5XFAD_carrier,C57BL6J,5XFAD,NA
IndividualAnimalMODEL-ADMetadataTemplate,9736,11317,NA,B-518-20,214801,UCI_TMF,UCI_TMF,female,Mouse,F2,6/26/20,12,months,NA,NA,7% standard,NA,NA,NA,NA,NA,NA,"5XFAD_carrier, Trem2-R47H_NSS_homozygous",C57BL6J,NA,NA
IndividualAnimalMODEL-ADMetadataTemplate,9381,10921,NA,B-435-20,241888,UCI_TMF,UCI_TMF,female,Mouse,F3,5/26/20,12,months,NA,NA,7% standard,NA,NA,NA,NA,NA,NA,"5XFAD_carrier, Trem2-R47H_NSS_homozygous",C57BL6J,NA,NA
IndividualAnimalMODEL-ADMetadataTemplate,9658,11232,NA,B-504-20,231285,UCI_TMF,UCI_TMF,male,Mouse,F2,6/21/20,12,months,NA,NA,7% standard,NA,NA,NA,NA,NA,NA,"5XFAD_carrier, Trem2-R47H_NSS_homozygous",C57BL6J,NA,NA
IndividualAnimalMODEL-ADMetadataTemplate,9636,11210,NA,B-493-20,241888,UCI_TMF,UCI_TMF,male,Mouse,F3,6/18/20,12,months,NA,NA,7% standard,NA,NA,NA,NA,NA,NA,"5XFAD_carrier, Trem2-R47H_NSS_homozygous",C57BL6J,NA,NA
IndividualAnimalMODEL-ADMetadataTemplate,9640,11214,NA,B-493-20,241888,UCI_TMF,UCI_TMF,female,Mouse,F3,6/18/20,12,months,NA,NA,7% standard,NA,NA,NA,NA,NA,NA,Trem2-R47H_NSS_homozygous,C57BL6J,NA,NA
IndividualAnimalMODEL-ADMetadataTemplate,9638,11212,NA,B-493-20,241888,UCI_TMF,UCI_TMF,female,Mouse,F3,6/18/20,12,months,NA,NA,7% standard,NA,NA,NA,NA,NA,NA,Trem2-R47H_NSS_homozygous,C57BL6J,NA,NA
IndividualAnimalMODEL-ADMetadataTemplate,9727,11308,NA,B-517-20,I-356,UCI_TMF,UCI_TMF,male,Mouse,F3,6/25/20,12,months,NA,NA,7% standard,NA,NA,NA,NA,NA,NA,Trem2-R47H_NSS_homozygous,C57BL6J,NA,NA
IndividualAnimalMODEL-ADMetadataTemplate,9659,11233,NA,B-504-20,231285,UCI_TMF,UCI_TMF,male,Mouse,F2,6/21/20,12,months,NA,NA,7% standard,NA,NA,NA,NA,NA,NA,Trem2-R47H_NSS_homozygous,C57BL6J,NA,NA
IndividualAnimalMODEL-ADMetadataTemplate,9632,11206,NA,B-493-20,241888,UCI_TMF,UCI_TMF,male,Mouse,F3,6/18/20,12,months,NA,NA,7% standard,NA,NA,NA,NA,NA,NA,Trem2-R47H_NSS_homozygous,C57BL6J,NA,NA
