individualID,climbID,microchipID,birthID,matingID,individualIdSource,materialOrigin,sex,species,generation,dateBirth,ageDeath,ageDeathUnits,brainWeight,rodentWeight,rodentDiet,bedding,room,waterpH,treatmentDose,treatmentType,stockNumber,genotype,genotypeBackground,individualCommonGenotype,modelSystemName,officialName
9733,11314,,B-518-20,214801,UCI_TMF,UCI_TMF,male,Mouse,F2,6/26/20,4,months,,,7% standard,,,,,,,"5XFAD_carrier, Trem2-R47H_NSS_homozygous",C57BL6J,5XFADTrem2-R47H_NSS,,
9732,11313,,B-517-20,I-356,UCI_TMF,UCI_TMF,female,Mouse,F3,6/25/20,4,months,,,7% standard,,,,,,,"5XFAD_carrier, Trem2-R47H_NSS_homozygous",C57BL6J,5XFADTrem2-R47H_NSS,,
9731,11312,,B-517-20,I-356,UCI_TMF,UCI_TMF,female,Mouse,F3,6/25/20,4,months,,,7% standard,,,,,,,Trem2-R47H_NSS_homozygous,C57BL6J,Trem2-R47H_NSS,,
9729,11310,,B-517-20,I-356,UCI_TMF,UCI_TMF,female,Mouse,F3,6/25/20,4,months,,,7% standard,,,,,,,"5XFAD_carrier, Trem2-R47H_NSS_homozygous",C57BL6J,5XFADTrem2-R47H_NSS,,
9728,11309,,B-517-20,I-356,UCI_TMF,UCI_TMF,female,Mouse,F3,6/25/20,4,months,,,7% standard,,,,,,,"5XFAD_carrier, Trem2-R47H_NSS_homozygous",C57BL6J,5XFADTrem2-R47H_NSS,,
9723,11304,,B-516-20,I-354/355,UCI_TMF,UCI_TMF,female,Mouse,F3,6/25/20,4,months,,,7% standard,,,,,,,Trem2-R47H_NSS_homozygous,C57BL6J,Trem2-R47H_NSS,,
9721,11302,,B-515-20,I-352/353,UCI_TMF,UCI_TMF,female,Mouse,F3,6/25/20,4,months,,,7% standard,,,,,,,"5XFAD_carrier, Trem2-R47H_NSS_homozygous",C57BL6J,5XFADTrem2-R47H_NSS,,
9720,11301,,B-515-20,I-352/353,UCI_TMF,UCI_TMF,female,Mouse,F3,6/25/20,4,months,,,7% standard,,,,,,,"5XFAD_carrier, Trem2-R47H_NSS_homozygous",C57BL6J,5XFADTrem2-R47H_NSS,,
9715,11296,,B-514-20,I-350/351,UCI_TMF,UCI_TMF,female,Mouse,F3,6/25/20,4,months,,,7% standard,,,,,,,Trem2-R47H_NSS_homozygous,C57BL6J,Trem2-R47H_NSS,,
9713,11294,,B-514-20,I-350/351,UCI_TMF,UCI_TMF,female,Mouse,F3,6/25/20,4,months,,,7% standard,,,,,,,Trem2-R47H_NSS_homozygous,C57BL6J,Trem2-R47H_NSS,,
9712,11293,,B-514-20,I-350/351,UCI_TMF,UCI_TMF,female,Mouse,F3,6/25/20,4,months,,,7% standard,,,,,,,Trem2-R47H_NSS_homozygous,C57BL6J,Trem2-R47H_NSS,,
9704,11285,,B-514-20,I-350/351,UCI_TMF,UCI_TMF,male,Mouse,F3,6/25/20,4,months,,,7% standard,,,,,,,Trem2-R47H_NSS_homozygous,C57BL6J,Trem2-R47H_NSS,,
9702,11283,,B-514-20,I-350/351,UCI_TMF,UCI_TMF,male,Mouse,F3,6/25/20,4,months,,,7% standard,,,,,,,Trem2-R47H_NSS_homozygous,C57BL6J,Trem2-R47H_NSS,,
9701,11282,,B-514-20,I-350/351,UCI_TMF,UCI_TMF,male,Mouse,F3,6/25/20,4,months,,,7% standard,,,,,,,"5XFAD_carrier, Trem2-R47H_NSS_homozygous",C57BL6J,5XFADTrem2-R47H_NSS,,
9700,11281,,B-514-20,I-350/351,UCI_TMF,UCI_TMF,male,Mouse,F3,6/25/20,4,months,,,7% standard,,,,,,,Trem2-R47H_NSS_homozygous,C57BL6J,Trem2-R47H_NSS,,
9699,11280,,B-514-20,I-350/351,UCI_TMF,UCI_TMF,male,Mouse,F3,6/25/20,4,months,,,7% standard,,,,,,,Trem2-R47H_NSS_homozygous,C57BL6J,Trem2-R47H_NSS,,
9698,11279,,B-514-20,I-350/351,UCI_TMF,UCI_TMF,male,Mouse,F3,6/25/20,4,months,,,7% standard,,,,,,,Trem2-R47H_NSS_homozygous,C57BL6J,Trem2-R47H_NSS,,
9697,11278,,B-514-20,I-350/351,UCI_TMF,UCI_TMF,male,Mouse,F3,6/25/20,4,months,,,7% standard,,,,,,,Trem2-R47H_NSS_homozygous,C57BL6J,Trem2-R47H_NSS,,
9635,11209,,B-493-20,241888,UCI_TMF,UCI_TMF,male,Mouse,F3,6/18/20,4,months,,,7% standard,,,,,,,"5XFAD_carrier, Trem2-R47H_NSS_homozygous",C57BL6J,5XFADTrem2-R47H_NSS,,
9634,11208,,B-493-20,241888,UCI_TMF,UCI_TMF,male,Mouse,F3,6/18/20,4,months,,,7% standard,,,,,,,"5XFAD_carrier, Trem2-R47H_NSS_homozygous",C57BL6J,5XFADTrem2-R47H_NSS,,
9633,11207,,B-493-20,241888,UCI_TMF,UCI_TMF,male,Mouse,F3,6/18/20,4,months,,,7% standard,,,,,,,"5XFAD_carrier, Trem2-R47H_NSS_homozygous",C57BL6J,5XFADTrem2-R47H_NSS,,
9631,11205,,B-493-20,241888,UCI_TMF,UCI_TMF,male,Mouse,F3,6/18/20,4,months,,,7% standard,,,,,,,"5XFAD_carrier, Trem2-R47H_NSS_homozygous",C57BL6J,5XFADTrem2-R47H_NSS,,
TMF20554,13126,,,,UCI_TMF,UCI_TMF,male,Mouse,N1,8/6/20,4,months,,,7% standard,,,,,,34848,5XFAD_noncarrier,C57BL6J,C57BL6J,C57BL6J,
TMF20556,13127,,,,UCI_TMF,UCI_TMF,male,Mouse,N1,8/6/20,4,months,,,7% standard,,,,,,34848,5XFAD_carrier,C57BL6J,5XFAD,5XFAD,
TMF20557,13128,,,,UCI_TMF,UCI_TMF,male,Mouse,N1,8/6/20,4,months,,,7% standard,,,,,,34848,5XFAD_noncarrier,C57BL6J,C57BL6J,C57BL6J,
TMF20558,13129,,,,UCI_TMF,UCI_TMF,male,Mouse,N1,8/6/20,4,months,,,7% standard,,,,,,34848,5XFAD_carrier,C57BL6J,5XFAD,5XFAD,
TMF20559,13130,,,,UCI_TMF,UCI_TMF,male,Mouse,N1,8/6/20,4,months,,,7% standard,,,,,,34848,5XFAD_noncarrier,C57BL6J,C57BL6J,C57BL6J,
TMF20587,13134,,,,UCI_TMF,UCI_TMF,male,Mouse,N1,8/10/20,4,months,,,7% standard,,,,,,34848,5XFAD_carrier,C57BL6J,5XFAD,5XFAD,
TMF20588,13133,,,,UCI_TMF,UCI_TMF,male,Mouse,N1,8/10/20,4,months,,,7% standard,,,,,,34848,5XFAD_noncarrier,C57BL6J,C57BL6J,C57BL6J,
TMF20589,13132,,,,UCI_TMF,UCI_TMF,male,Mouse,N1,8/10/20,4,months,,,7% standard,,,,,,34848,5XFAD_carrier,C57BL6J,5XFAD,5XFAD,
TMF20590,13131,,,,UCI_TMF,UCI_TMF,male,Mouse,N1,8/10/20,4,months,,,7% standard,,,,,,34848,5XFAD_carrier,C57BL6J,5XFAD,5XFAD,
TMF20591,13135,,,,UCI_TMF,UCI_TMF,female,Mouse,N1,8/10/20,4,months,,,7% standard,,,,,,34848,5XFAD_carrier,C57BL6J,5XFAD,5XFAD,
TMF20592,13136,,,,UCI_TMF,UCI_TMF,female,Mouse,N1,8/10/20,4,months,,,7% standard,,,,,,34848,5XFAD_carrier,C57BL6J,5XFAD,5XFAD,
TMF20593,13137,,,,UCI_TMF,UCI_TMF,female,Mouse,N1,8/10/20,4,months,,,7% standard,,,,,,34848,5XFAD_noncarrier,C57BL6J,C57BL6J,C57BL6J,
TMF20594,13138,,,,UCI_TMF,UCI_TMF,female,Mouse,N1,8/10/20,4,months,,,7% standard,,,,,,34848,5XFAD_carrier,C57BL6J,5XFAD,5XFAD,
TMF20682,13155,,,,UCI_TMF,UCI_TMF,female,Mouse,N1,8/12/20,4,months,,,7% standard,,,,,,34848,5XFAD_noncarrier,C57BL6J,C57BL6J,C57BL6J,
TMF20723,13147,,,,UCI_TMF,UCI_TMF,female,Mouse,N1,8/16/20,4,months,,,7% standard,,,,,,34848,5XFAD_noncarrier,C57BL6J,C57BL6J,C57BL6J,
TMF20724,13148,,,,UCI_TMF,UCI_TMF,female,Mouse,N1,8/16/20,4,months,,,7% standard,,,,,,34848,5XFAD_carrier,C57BL6J,5XFAD,5XFAD,
TMF20725,13149,,,,UCI_TMF,UCI_TMF,female,Mouse,N1,8/16/20,4,months,,,7% standard,,,,,,34848,5XFAD_carrier,C57BL6J,5XFAD,5XFAD,
TMF20726,13150,,,,UCI_TMF,UCI_TMF,female,Mouse,N1,8/16/20,4,months,,,7% standard,,,,,,34848,5XFAD_noncarrier,C57BL6J,C57BL6J,C57BL6J,
TMF20728,13151,,,,UCI_TMF,UCI_TMF,male,Mouse,N1,8/16/20,4,months,,,7% standard,,,,,,34848,5XFAD_noncarrier,C57BL6J,C57BL6J,C57BL6J,
TMF20729,13160,,,,UCI_TMF,UCI_TMF,female,Mouse,N1,8/16/20,4,months,,,7% standard,,,,,,34848,5XFAD_noncarrier,C57BL6J,C57BL6J,C57BL6J,
TMF20736,13158,,,,UCI_TMF,UCI_TMF,female,Mouse,N1,8/16/20,4,months,,,7% standard,,,,,,34848,5XFAD_noncarrier,C57BL6J,C57BL6J,C57BL6J,
TMF20738,13161,,,,UCI_TMF,UCI_TMF,male,Mouse,N1,8/18/20,4,months,,,7% standard,,,,,,34848,5XFAD_noncarrier,C57BL6J,C57BL6J,C57BL6J,
TMF20776,,,,,UCI_TMF,UCI_TMF,,Mouse,,,4,months,,,7% standard,,,,,,34848,5XFAD_carrier,C57BL6J,5XFAD,5XFAD,
9379,10919,,B-435-20,241888,UCI_TMF,UCI_TMF,female,Mouse,F3,5/26/20,12,months,,,7% standard,,,,,,,"5XFAD_carrier, Trem2-R47H_NSS_homozygous",C57BL6J,5XFADTrem2-R47H_NSS,,
9380,10920,,B-435-20,241888,UCI_TMF,UCI_TMF,female,Mouse,F3,5/26/20,12,months,,,7% standard,,,,,,,Trem2-R47H_NSS_homozygous,C57BL6J,Trem2-R47H_NSS,,
9383,10923,,B-435-20,241888,UCI_TMF,UCI_TMF,female,Mouse,F3,5/26/20,12,months,,,7% standard,,,,,,,"5XFAD_carrier, Trem2-R47H_NSS_homozygous",C57BL6J,5XFADTrem2-R47H_NSS,,
9384,10924,,B-435-20,241888,UCI_TMF,UCI_TMF,female,Mouse,F3,5/26/20,12,months,,,7% standard,,,,,,,Trem2-R47H_NSS_homozygous,C57BL6J,Trem2-R47H_NSS,,
9385,10925,,B-435-20,241888,UCI_TMF,UCI_TMF,female,Mouse,F3,5/26/20,12,months,,,7% standard,,,,,,,"5XFAD_carrier, Trem2-R47H_NSS_homozygous",C57BL6J,5XFADTrem2-R47H_NSS,,
9386,10926,,B-435-20,241888,UCI_TMF,UCI_TMF,female,Mouse,F3,5/26/20,12,months,,,7% standard,,,,,,,Trem2-R47H_NSS_homozygous,C57BL6J,Trem2-R47H_NSS,,
9388,10928,,B-435-20,241888,UCI_TMF,UCI_TMF,female,Mouse,F3,5/26/20,12,months,,,7% standard,,,,,,,"5XFAD_carrier, Trem2-R47H_NSS_homozygous",C57BL6J,5XFADTrem2-R47H_NSS,,
9477,11038,,B-453-20,217511,UCI_TMF,UCI_TMF,female,Mouse,F2,6/4/20,12,months,,,7% standard,,,,,,,Trem2-R47H_NSS_homozygous,C57BL6J,Trem2-R47H_NSS,,
9660,11234,,B-504-20,231285,UCI_TMF,UCI_TMF,male,Mouse,F2,6/21/20,12,months,,,7% standard,,,,,,,"5XFAD_carrier, Trem2-R47H_NSS_homozygous",C57BL6J,5XFADTrem2-R47H_NSS,,
9761,11342,,B-526-20,231286,UCI_TMF,UCI_TMF,male,Mouse,F2,6/28/20,12,months,,,7% standard,,,,,,,"5XFAD_carrier, Trem2-R47H_NSS_homozygous",C57BL6J,5XFADTrem2-R47H_NSS,,
10042,11623,,B-580-20,241888,UCI_TMF,UCI_TMF,male,Mouse,F3,7/20/20,12,months,,,7% standard,,,,,,,"5XFAD_carrier, Trem2-R47H_NSS_homozygous",C57BL6J,5XFADTrem2-R47H_NSS,,
10043,11624,,B-580-20,241888,UCI_TMF,UCI_TMF,male,Mouse,F3,7/20/20,12,months,,,7% standard,,,,,,,"5XFAD_carrier, Trem2-R47H_NSS_homozygous",C57BL6J,5XFADTrem2-R47H_NSS,,
10096,11677,,B-609-20,241888,UCI_TMF,UCI_TMF,male,Mouse,F3,7/26/20,12,months,,,7% standard,,,,,,,Trem2-R47H_NSS_homozygous,C57BL6J,Trem2-R47H_NSS,,
10097,11678,,B-609-20,241888,UCI_TMF,UCI_TMF,male,Mouse,F3,7/26/20,12,months,,,7% standard,,,,,,,"5XFAD_carrier, Trem2-R47H_NSS_homozygous",C57BL6J,5XFADTrem2-R47H_NSS,,
10098,11679,,B-609-20,241888,UCI_TMF,UCI_TMF,male,Mouse,F3,7/26/20,12,months,,,7% standard,,,,,,,Trem2-R47H_NSS_homozygous,C57BL6J,Trem2-R47H_NSS,,
10099,11680,,B-609-20,241888,UCI_TMF,UCI_TMF,male,Mouse,F3,7/26/20,12,months,,,7% standard,,,,,,,Trem2-R47H_NSS_homozygous,C57BL6J,Trem2-R47H_NSS,,
10100,11681,,B-609-20,241888,UCI_TMF,UCI_TMF,male,Mouse,F3,7/26/20,12,months,,,7% standard,,,,,,,Trem2-R47H_NSS_homozygous,C57BL6J,Trem2-R47H_NSS,,
7119,8550,,B-764-19,194451,UCI_TMF,UCI_TMF,male,Mouse,F1,12/17/19,12,months,,,7% standard,,,,,,,5XFAD_noncarrier,C57BL6J,C57BL6J,C57BL6J,
7120,8551,,B-764-19,194451,UCI_TMF,UCI_TMF,male,Mouse,F1,12/17/19,12,months,,,7% standard,,,,,,,5XFAD_carrier,C57BL6J,5XFAD,5XFAD,
7121,8552,,B-764-19,194451,UCI_TMF,UCI_TMF,male,Mouse,F1,12/17/19,12,months,,,7% standard,,,,,,,5XFAD_noncarrier,C57BL6J,C57BL6J,C57BL6J,
7134,8565,,B-766-19,204064,UCI_TMF,UCI_TMF,male,Mouse,F1,12/18/19,12,months,,,7% standard,,,,,,,5XFAD_carrier,C57BL6J,5XFAD,5XFAD,
7547,8978,,B-73-20,161814,UCI_TMF,UCI_TMF,female,Mouse,N1,1/19/20,12,months,,,7% standard,,,,,,34848,5XFAD_carrier,C57BL6J,5XFAD,5XFAD,
7548,8979,,B-73-20,161814,UCI_TMF,UCI_TMF,female,Mouse,N1,1/19/20,12,months,,,7% standard,,,,,,34848,5XFAD_carrier,C57BL6J,5XFAD,5XFAD,
7549,8980,,B-73-20,161814,UCI_TMF,UCI_TMF,female,Mouse,N1,1/19/20,12,months,,,7% standard,,,,,,34848,5XFAD_noncarrier,C57BL6J,C57BL6J,C57BL6J,
7580,9011,,B-61-20,197354 [ABI3-A],UCI_TMF,UCI_TMF,female,Mouse,N2-F1,1/21/20,12,months,,,7% standard,,,,,,35871,5XFAD_noncarrier,C57BL6J,C57BL6J,C57BL6J,
7715,9146,,B-86-20,194453,UCI_TMF,UCI_TMF,female,Mouse,F1,1/30/20,12,months,,,7% standard,,,,,,,5XFAD_carrier,C57BL6J,5XFAD,5XFAD,
7764,9195,,B-105-20,204061 [BIN1 A],UCI_TMF,UCI_TMF,male,Mouse,F1,2/4/20,12,months,,,7% standard,,,,,,,5XFAD_carrier,C57BL6J,5XFAD,5XFAD,
7772,9203,,B-108-20,209787,UCI_TMF,UCI_TMF,male,Mouse,F1,2/5/20,12,months,,,7% standard,,,,,,,5XFAD_noncarrier,C57BL6J,C57BL6J,C57BL6J,
7939,9377,,B-144-20,194453,UCI_TMF,UCI_TMF,female,Mouse,F1,2/20/20,12,months,,,7% standard,,,,,,,5XFAD_carrier,C57BL6J,5XFAD,5XFAD,
8041,9479,,B-165-20,220402,UCI_TMF,UCI_TMF,male,Mouse,F2,2/26/20,12,months,,,7% standard,,,,,,,5XFAD_noncarrier,C57BL6J,C57BL6J,C57BL6J,
8062,9500,,B-177-20,197295 [16983 A-1],UCI_TMF,UCI_TMF,female,Mouse,N1-F1,3/1/20,12,months,,,7% standard,,,,,,,5XFAD_noncarrier,C57BL6J,C57BL6J,C57BL6J,
8123,9579,,B-188-20,214791,UCI_TMF,UCI_TMF,female,Mouse,N2-F1,3/5/20,12,months,,,7% standard,,,,,,,5XFAD_noncarrier,C57BL6J,C57BL6J,C57BL6J,
8350,9837,,B-242-20,227065,UCI_TMF,UCI_TMF,male,Mouse,F1,3/23/20,12,months,,,7% standard,,,,,,,5XFAD_noncarrier,C57BL6J,C57BL6J,C57BL6J,
9730,11311,,B-517-20,I-356,UCI_TMF,UCI_TMF,female,Mouse,F3,6/25/20,4,months,,,7% standard,,,,,,,"5XFAD_carrier, Trem2-R47H_NSS_homozygous",C57BL6J,5XFADTrem2-R47H_NSS,,
9719,11300,,B-515-20,I-352/353,UCI_TMF,UCI_TMF,male,Mouse,F3,6/25/20,4,months,,,7% standard,,,,,,,"5XFAD_carrier, Trem2-R47H_NSS_homozygous",C57BL6J,5XFADTrem2-R47H_NSS,,
9717,11298,,B-515-20,I-352/353,UCI_TMF,UCI_TMF,male,Mouse,F3,6/25/20,4,months,,,7% standard,,,,,,,"5XFAD_carrier, Trem2-R47H_NSS_homozygous",C57BL6J,5XFADTrem2-R47H_NSS,,
9716,11297,,B-515-20,I-352/353,UCI_TMF,UCI_TMF,male,Mouse,F3,6/25/20,4,months,,,7% standard,,,,,,,"5XFAD_carrier, Trem2-R47H_NSS_homozygous",C57BL6J,5XFADTrem2-R47H_NSS,,
9714,11295,,B-514-20,I-350/351,UCI_TMF,UCI_TMF,female,Mouse,F3,6/25/20,4,months,,,7% standard,,,,,,,"5XFAD_carrier, Trem2-R47H_NSS_homozygous",C57BL6J,5XFADTrem2-R47H_NSS,,
9708,11289,,B-514-20,I-350/351,UCI_TMF,UCI_TMF,female,Mouse,F3,6/25/20,4,months,,,7% standard,,,,,,,"5XFAD_carrier, Trem2-R47H_NSS_homozygous",C57BL6J,5XFADTrem2-R47H_NSS,,
9706,11287,,B-514-20,I-350/351,UCI_TMF,UCI_TMF,female,Mouse,F3,6/25/20,4,months,,,7% standard,,,,,,,"5XFAD_carrier, Trem2-R47H_NSS_homozygous",C57BL6J,5XFADTrem2-R47H_NSS,,
9473,11034,,B-453-20,217511,UCI_TMF,UCI_TMF,female,Mouse,F2,6/4/20,4,months,,,7% standard,,,,,,,"5XFAD_carrier, Trem2-R47H_NSS_homozygous",C57BL6J,5XFADTrem2-R47H_NSS,,
9726,11307,,B-517-20,I-356,UCI_TMF,UCI_TMF,male,Mouse,F3,6/25/20,4,months,,,7% standard,,,,,,,Trem2-R47H_NSS_homozygous,C57BL6J,Trem2-R47H_NSS,,
9725,11306,,B-517-20,I-356,UCI_TMF,UCI_TMF,male,Mouse,F3,6/25/20,4,months,,,7% standard,,,,,,,Trem2-R47H_NSS_homozygous,C57BL6J,Trem2-R47H_NSS,,
9724,11305,,B-517-20,I-356,UCI_TMF,UCI_TMF,male,Mouse,F3,6/25/20,4,months,,,7% standard,,,,,,,Trem2-R47H_NSS_homozygous,C57BL6J,Trem2-R47H_NSS,,
9718,11299,,B-515-20,I-352/353,UCI_TMF,UCI_TMF,male,Mouse,F3,6/25/20,4,months,,,7% standard,,,,,,,Trem2-R47H_NSS_homozygous,C57BL6J,Trem2-R47H_NSS,,
9711,11292,,B-514-20,I-350/351,UCI_TMF,UCI_TMF,female,Mouse,F3,6/25/20,4,months,,,7% standard,,,,,,,Trem2-R47H_NSS_homozygous,C57BL6J,Trem2-R47H_NSS,,
9710,11291,,B-514-20,I-350/351,UCI_TMF,UCI_TMF,female,Mouse,F3,6/25/20,4,months,,,7% standard,,,,,,,Trem2-R47H_NSS_homozygous,C57BL6J,Trem2-R47H_NSS,,
9709,11290,,B-514-20,I-350/351,UCI_TMF,UCI_TMF,female,Mouse,F3,6/25/20,4,months,,,7% standard,,,,,,,Trem2-R47H_NSS_homozygous,C57BL6J,Trem2-R47H_NSS,,
9707,11288,,B-514-20,I-350/351,UCI_TMF,UCI_TMF,female,Mouse,F3,6/25/20,4,months,,,7% standard,,,,,,,Trem2-R47H_NSS_homozygous,C57BL6J,Trem2-R47H_NSS,,
9705,11286,,B-514-20,I-350/351,UCI_TMF,UCI_TMF,male,Mouse,F3,6/25/20,4,months,,,7% standard,,,,,,,Trem2-R47H_NSS_homozygous,C57BL6J,Trem2-R47H_NSS,,
9474,11035,,B-453-20,217511,UCI_TMF,UCI_TMF,female,Mouse,F2,6/4/20,4,months,,,7% standard,,,,,,,Trem2-R47H_NSS_homozygous,C57BL6J,Trem2-R47H_NSS,,
15520,17653,,B-628-21,297397,UCI_TMF,UCI_TMF,female,Mouse,N2-F1,10/2/21,4,months,,,7% standard,,,,,,,5XFAD_noncarrier,C57BL6J,C57BL6J,C57BL6J,
15519,17652,,B-628-21,297397,UCI_TMF,UCI_TMF,female,Mouse,N2-F1,10/2/21,4,months,,,7% standard,,,,,,,5XFAD_noncarrier,C57BL6J,C57BL6J,C57BL6J,
15515,17648,,B-623-21,325112,UCI_TMF,UCI_TMF,female,Mouse,,10/1/21,4,months,,,7% standard,,,,,,,5XFAD_noncarrier,C57BL6J,C57BL6J,C57BL6J,
15510,17643,,B-623-21,325112,UCI_TMF,UCI_TMF,male,Mouse,,10/1/21,4,months,,,7% standard,,,,,,,5XFAD_noncarrier,C57BL6J,C57BL6J,C57BL6J,
10351,11937,,B-648-20,231286,UCI_TMF,UCI_TMF,male,Mouse,F2,8/10/20,4,months,,,7% standard,,,,,,,"5XFAD_carrier, Trem2-R47H_NSS_homozygous",C57BL6J,5XFADTrem2-R47H_NSS,,
10352,11938,,B-648-20,231286,UCI_TMF,UCI_TMF,male,Mouse,F2,8/10/20,4,months,,,7% standard,,,,,,,"5XFAD_carrier, Trem2-R47H_NSS_homozygous",C57BL6J,5XFADTrem2-R47H_NSS,,
12287,14147,,B-1033-20,272377,UCI_TMF,UCI_TMF,male,Mouse,F1,12/24/20,12,months,,,7% standard,,,,,,,5XFAD_noncarrier,C57BL6J,C57BL6J,C57BL6J,
12212,14072,,B-1015-20,272307,UCI_TMF,UCI_TMF,female,Mouse,N2,12/17/20,12,months,,,7% standard,,,,,,,5XFAD_noncarrier,C57BL6J,C57BL6J,C57BL6J,
12211,14071,,B-1015-20,272307,UCI_TMF,UCI_TMF,female,Mouse,N2,12/17/20,12,months,,,7% standard,,,,,,,5XFAD_noncarrier,C57BL6J,C57BL6J,C57BL6J,
12209,14069,,B-1015-20,272307,UCI_TMF,UCI_TMF,female,Mouse,N2,12/17/20,12,months,,,7% standard,,,,,,,5XFAD_noncarrier,C57BL6J,C57BL6J,C57BL6J,
12208,14068,,B-1015-20,272307,UCI_TMF,UCI_TMF,male,Mouse,N2,12/17/20,12,months,,,7% standard,,,,,,,5XFAD_noncarrier,C57BL6J,C57BL6J,C57BL6J,
12207,14067,,B-1015-20,272307,UCI_TMF,UCI_TMF,male,Mouse,N2,12/17/20,12,months,,,7% standard,,,,,,,5XFAD_carrier,C57BL6J,5XFAD,5XFAD,
12206,14066,,B-1015-20,272307,UCI_TMF,UCI_TMF,male,Mouse,N2,12/17/20,12,months,,,7% standard,,,,,,,5XFAD_carrier,C57BL6J,5XFAD,5XFAD,
12149,14009,,B-1005-20,272308,UCI_TMF,UCI_TMF,female,Mouse,N2,12/13/20,12,months,,,7% standard,,,,,,,5XFAD_carrier,C57BL6J,5XFAD,5XFAD,
12148,14008,,B-1005-20,272308,UCI_TMF,UCI_TMF,male,Mouse,N2,12/13/20,12,months,,,7% standard,,,,,,,5XFAD_carrier,C57BL6J,5XFAD,5XFAD,
12143,14003,,B-994-20,264709,UCI_TMF,UCI_TMF,female,Mouse,N2,12/15/20,12,months,,,7% standard,,,,,,,5XFAD_carrier,C57BL6J,5XFAD,5XFAD,
12142,14002,,B-994-20,264709,UCI_TMF,UCI_TMF,female,Mouse,N2,12/15/20,12,months,,,7% standard,,,,,,,5XFAD_noncarrier,C57BL6J,C57BL6J,C57BL6J,
12141,14001,,B-994-20,264709,UCI_TMF,UCI_TMF,female,Mouse,N2,12/15/20,12,months,,,7% standard,,,,,,,5XFAD_noncarrier,C57BL6J,C57BL6J,C57BL6J,
12140,14000,,B-994-20,264709,UCI_TMF,UCI_TMF,female,Mouse,N2,12/15/20,12,months,,,7% standard,,,,,,,5XFAD_carrier,C57BL6J,5XFAD,5XFAD,
12139,13999,,B-994-20,264709,UCI_TMF,UCI_TMF,female,Mouse,N2,12/11/20,12,months,,,7% standard,,,,,,,5XFAD_carrier,C57BL6J,5XFAD,5XFAD,
12138,13998,,B-994-20,264709,UCI_TMF,UCI_TMF,female,Mouse,N2,12/11/20,12,months,,,7% standard,,,,,,,5XFAD_carrier,C57BL6J,5XFAD,5XFAD,
12136,13996,,B-994-20,264709,UCI_TMF,UCI_TMF,male,Mouse,N2,12/11/20,12,months,,,7% standard,,,,,,,5XFAD_noncarrier,C57BL6J,C57BL6J,C57BL6J,
12135,13995,,B-994-20,264709,UCI_TMF,UCI_TMF,male,Mouse,N2,12/11/20,12,months,,,7% standard,,,,,,,5XFAD_carrier,C57BL6J,5XFAD,5XFAD,
12134,13994,,B-994-20,264709,UCI_TMF,UCI_TMF,male,Mouse,N2,12/11/20,12,months,,,7% standard,,,,,,,5XFAD_noncarrier,C57BL6J,C57BL6J,C57BL6J,
12133,13993,,B-994-20,264709,UCI_TMF,UCI_TMF,male,Mouse,N2,12/11/20,12,months,,,7% standard,,,,,,,5XFAD_carrier,C57BL6J,5XFAD,5XFAD,
12091,13951,,B-997-20,I-506/507,UCI_TMF,UCI_TMF,male,Mouse,F3,12/10/20,12,months,,,7% standard,,,,,,,Trem2-R47H_NSS_homozygous,C57BL6J,Trem2-R47H_NSS,,
12090,13950,,B-997-20,I-506/507,UCI_TMF,UCI_TMF,male,Mouse,F3,12/10/20,12,months,,,7% standard,,,,,,,Trem2-R47H_NSS_homozygous,C57BL6J,Trem2-R47H_NSS,,
12089,13949,,B-997-20,I-506/507,UCI_TMF,UCI_TMF,male,Mouse,F3,12/10/20,12,months,,,7% standard,,,,,,,"5XFAD_carrier, Trem2-R47H_NSS_homozygous",C57BL6J,5XFADTrem2-R47H_NSS,,
12088,13948,,B-997-20,I-506/507,UCI_TMF,UCI_TMF,male,Mouse,F3,12/10/20,12,months,,,7% standard,,,,,,,Trem2-R47H_NSS_homozygous,C57BL6J,Trem2-R47H_NSS,,
12087,13947,,B-996-20,I-504/505,UCI_TMF,UCI_TMF,female,Mouse,F3,12/10/20,12,months,,,7% standard,,,,,,,"5XFAD_carrier, Trem2-R47H_NSS_homozygous",C57BL6J,5XFADTrem2-R47H_NSS,,
12086,13946,,B-996-20,I-504/505,UCI_TMF,UCI_TMF,female,Mouse,F3,12/10/20,12,months,,,7% standard,,,,,,,"5XFAD_carrier, Trem2-R47H_NSS_homozygous",C57BL6J,5XFADTrem2-R47H_NSS,,
12085,13945,,B-996-20,I-504/505,UCI_TMF,UCI_TMF,female,Mouse,F3,12/10/20,12,months,,,7% standard,,,,,,,Trem2-R47H_NSS_homozygous,C57BL6J,Trem2-R47H_NSS,,
12084,13944,,B-996-20,I-504/505,UCI_TMF,UCI_TMF,female,Mouse,F3,12/10/20,12,months,,,7% standard,,,,,,,"5XFAD_carrier, Trem2-R47H_NSS_homozygous",C57BL6J,5XFADTrem2-R47H_NSS,,
12083,13943,,B-996-20,I-504/505,UCI_TMF,UCI_TMF,female,Mouse,F3,12/10/20,12,months,,,7% standard,,,,,,,Trem2-R47H_NSS_homozygous,C57BL6J,Trem2-R47H_NSS,,
12082,13942,,B-996-20,I-504/505,UCI_TMF,UCI_TMF,male,Mouse,F3,12/10/20,12,months,,,7% standard,,,,,,,Trem2-R47H_NSS_homozygous,C57BL6J,Trem2-R47H_NSS,,
12076,13936,,B-995-20,I-502/503,UCI_TMF,UCI_TMF,female,Mouse,F3,12/10/20,12,months,,,7% standard,,,,,,,"5XFAD_carrier, Trem2-R47H_NSS_homozygous",C57BL6J,5XFADTrem2-R47H_NSS,,
12075,13935,,B-995-20,I-502/503,UCI_TMF,UCI_TMF,female,Mouse,F3,12/10/20,12,months,,,7% standard,,,,,,,"5XFAD_carrier, Trem2-R47H_NSS_homozygous",C57BL6J,5XFADTrem2-R47H_NSS,,
12074,13934,,B-995-20,I-502/503,UCI_TMF,UCI_TMF,female,Mouse,F3,12/10/20,12,months,,,7% standard,,,,,,,Trem2-R47H_NSS_homozygous,C57BL6J,Trem2-R47H_NSS,,
12073,13933,,B-995-20,I-502/503,UCI_TMF,UCI_TMF,female,Mouse,F3,12/10/20,12,months,,,7% standard,,,,,,,Trem2-R47H_NSS_homozygous,C57BL6J,Trem2-R47H_NSS,,
12070,13930,,B-995-20,I-502/503,UCI_TMF,UCI_TMF,male,Mouse,F3,12/10/20,12,months,,,7% standard,,,,,,,"5XFAD_carrier, Trem2-R47H_NSS_homozygous",C57BL6J,5XFADTrem2-R47H_NSS,,
12069,13929,,B-995-20,I-502/503,UCI_TMF,UCI_TMF,male,Mouse,F3,12/10/20,12,months,,,7% standard,,,,,,,"5XFAD_carrier, Trem2-R47H_NSS_homozygous",C57BL6J,5XFADTrem2-R47H_NSS,,
12068,13928,,B-995-20,I-502/503,UCI_TMF,UCI_TMF,male,Mouse,F3,12/10/20,12,months,,,7% standard,,,,,,,"5XFAD_carrier, Trem2-R47H_NSS_homozygous",C57BL6J,5XFADTrem2-R47H_NSS,,
12067,13927,,B-995-20,I-502/503,UCI_TMF,UCI_TMF,male,Mouse,F3,12/10/20,12,months,,,7% standard,,,,,,,Trem2-R47H_NSS_homozygous,C57BL6J,Trem2-R47H_NSS,,
12066,13926,,B-995-20,I-502/503,UCI_TMF,UCI_TMF,male,Mouse,F3,12/10/20,12,months,,,7% standard,,,,,,,"5XFAD_carrier, Trem2-R47H_NSS_homozygous",C57BL6J,5XFADTrem2-R47H_NSS,,
11929,13789,,B-956-20,272377,UCI_TMF,UCI_TMF,male,Mouse,F1,11/30/20,12,months,,,7% standard,,,,,,,5XFAD_noncarrier,C57BL6J,C57BL6J,C57BL6J,
7683,9114,,B-78-20,197356,UCI_TMF,UCI_TMF,female,Mouse,F1,1/25/20,12,months,,,7% standard,,,,,,,5XFAD_carrier,C57BL6J,5XFAD,5XFAD,
7684,9115,,B-78-20,197356,UCI_TMF,UCI_TMF,female,Mouse,F1,1/25/20,12,months,,,7% standard,,,,,,,5XFAD_noncarrier,C57BL6J,C57BL6J,C57BL6J,
7987,9425,,B-155-20,204064,UCI_TMF,UCI_TMF,male,Mouse,F1,2/23/20,12,months,,,7% standard,,,,,,,5XFAD_carrier,C57BL6J,5XFAD,5XFAD,
7988,9426,,B-155-20,204064,UCI_TMF,UCI_TMF,female,Mouse,F1,2/23/20,12,months,,,7% standard,,,,,,,5XFAD_carrier,C57BL6J,5XFAD,5XFAD,
8382,9880,,B-249-20,227063,UCI_TMF,UCI_TMF,male,Mouse,N2-F1,3/24/20,12,months,,,7% standard,,,,,,,5XFAD_noncarrier,C57BL6J,C57BL6J,C57BL6J,
8392,9890,,B-253-20,227060,UCI_TMF,UCI_TMF,male,Mouse,F1,3/25/20,12,months,,,7% standard,,,,,,,5XFAD_carrier,C57BL6J,5XFAD,5XFAD,
8393,9891,,B-253-20,227060,UCI_TMF,UCI_TMF,male,Mouse,F1,3/25/20,12,months,,,7% standard,,,,,,,5XFAD_carrier,C57BL6J,5XFAD,5XFAD,
9382,10922,,B-435-20,241888,UCI_TMF,UCI_TMF,female,Mouse,F3,5/26/20,12,months,,,7% standard,,,,,,,Trem2-R47H_NSS_homozygous,C57BL6J,Trem2-R47H_NSS,,
9387,10927,,B-435-20,241888,UCI_TMF,UCI_TMF,female,Mouse,F3,5/26/20,12,months,,,7% standard,,,,,,,"5XFAD_carrier, Trem2-R47H_NSS_homozygous",C57BL6J,5XFADTrem2-R47H_NSS,,
9476,11037,,B-453-20,217511,UCI_TMF,UCI_TMF,female,Mouse,F2,6/4/20,12,months,,,7% standard,,,,,,,Trem2-R47H_NSS_homozygous,C57BL6J,Trem2-R47H_NSS,,
9639,11213,,B-493-20,241888,UCI_TMF,UCI_TMF,female,Mouse,F3,6/18/20,12,months,,,7% standard,,,,,,,"5XFAD_carrier, Trem2-R47H_NSS_homozygous",C57BL6J,5XFADTrem2-R47H_NSS,,
10040,11621,,B-580-20,241888,UCI_TMF,UCI_TMF,male,Mouse,F3,7/20/20,12,months,,,7% standard,,,,,,,Trem2-R47H_NSS_homozygous,C57BL6J,Trem2-R47H_NSS,,
10041,11622,,B-580-20,241888,UCI_TMF,UCI_TMF,male,Mouse,F3,7/20/20,12,months,,,7% standard,,,,,,,Trem2-R47H_NSS_homozygous,C57BL6J,Trem2-R47H_NSS,,
TMF20734,13156,,B-114-20,259194,UCI_TMF,UCI_TMF,female,Mouse,N1,8/16/20,4,months,,,7% standard,,,,,,34848,5XFAD_carrier,C57BL6J,5XFAD,5XFAD,
9736,11317,,B-518-20,214801,UCI_TMF,UCI_TMF,female,Mouse,F2,6/26/20,12,months,,,7% standard,,,,,,,"5XFAD_carrier, Trem2-R47H_NSS_homozygous",C57BL6J,5XFADTrem2-R47H_NSS,,
9381,10921,,B-435-20,241888,UCI_TMF,UCI_TMF,female,Mouse,F3,5/26/20,12,months,,,7% standard,,,,,,,"5XFAD_carrier, Trem2-R47H_NSS_homozygous",C57BL6J,5XFADTrem2-R47H_NSS,,
9658,11232,,B-504-20,231285,UCI_TMF,UCI_TMF,male,Mouse,F2,6/21/20,12,months,,,7% standard,,,,,,,"5XFAD_carrier, Trem2-R47H_NSS_homozygous",C57BL6J,5XFADTrem2-R47H_NSS,,
9636,11210,,B-493-20,241888,UCI_TMF,UCI_TMF,male,Mouse,F3,6/18/20,12,months,,,7% standard,,,,,,,"5XFAD_carrier, Trem2-R47H_NSS_homozygous",C57BL6J,5XFADTrem2-R47H_NSS,,
9640,11214,,B-493-20,241888,UCI_TMF,UCI_TMF,female,Mouse,F3,6/18/20,12,months,,,7% standard,,,,,,,Trem2-R47H_NSS_homozygous,C57BL6J,Trem2-R47H_NSS,,
9638,11212,,B-493-20,241888,UCI_TMF,UCI_TMF,female,Mouse,F3,6/18/20,12,months,,,7% standard,,,,,,,Trem2-R47H_NSS_homozygous,C57BL6J,Trem2-R47H_NSS,,
9727,11308,,B-517-20,I-356,UCI_TMF,UCI_TMF,male,Mouse,F3,6/25/20,12,months,,,7% standard,,,,,,,Trem2-R47H_NSS_homozygous,C57BL6J,Trem2-R47H_NSS,,
9659,11233,,B-504-20,231285,UCI_TMF,UCI_TMF,male,Mouse,F2,6/21/20,12,months,,,7% standard,,,,,,,Trem2-R47H_NSS_homozygous,C57BL6J,Trem2-R47H_NSS,,
9632,11206,,B-493-20,241888,UCI_TMF,UCI_TMF,male,Mouse,F3,6/18/20,12,months,,,7% standard,,,,,,,Trem2-R47H_NSS_homozygous,C57BL6J,Trem2-R47H_NSS,,