Component,individualID,climbID,microchipID,birthID,matingID,individualIdSource,materialOrigin,sex,species,generation,dateBirth,ageDeath,ageDeathUnits,brainWeight,rodentWeight,rodentDiet,bedding,room,waterpH,treatmentDose,treatmentType,stockNumber,genotype,genotypeBackground,individualCommonGenotype,modelSystemName,officialName
IndividualAnimalMODEL-ADMetadataTemplate,,,,,,,,,,,,,,,,,,,,,,,,,,,
,7548,8979,,B-73-20,161814,UCI_TMF,UCI_TMF,female,Mouse ,N1,1/19/20,12,months,,,7% standard,,,,,,34848,5XFAD_carrier,C57BL6J,5XFAD,5XFAD,
,7683,9114,,B-78-20,197356,UCI_TMF,UCI_TMF,female,Mouse ,F1,1/25/20,12,months,,,7% standard,,,,,,34848,5XFAD_carrier,C57BL6J,5XFAD,5XFAD,
,7715,9146,,B-86-20,194453,UCI_TMF,UCI_TMF,female,Mouse ,F1,1/30/20,12,months,,,7% standard,,,,,,34848,5XFAD_carrier,C57BL6J,5XFAD,5XFAD,
,7988,9426,,B-155-20,204064,UCI_TMF,UCI_TMF,female,Mouse ,F1,2/23/20,12,months,,,7% standard,,,,,,34848,5XFAD_carrier,C57BL6J,5XFAD,5XFAD,
,7939,9377,,B-144-20,194453,UCI_TMF,UCI_TMF,female,Mouse ,F1,2/20/20,12,months,,,7% standard,,,,,,34848,5XFAD_carrier,C57BL6J,5XFAD,5XFAD,
,7764,9195,,B-105-20,204061,UCI_TMF,UCI_TMF,male,Mouse ,F1,2/4/20,12,months,,,7% standard,,,,,,34848,5XFAD_carrier,C57BL6J,5XFAD,5XFAD,
,7987,9425,,B-155-20,204064,UCI_TMF,UCI_TMF,male,Mouse ,F1,2/23/20,12,months,,,7% standard,,,,,,34848,5XFAD_carrier,C57BL6J,5XFAD,5XFAD,
,8393,9891,,B-253-20,227060,UCI_TMF,UCI_TMF,male,Mouse ,F1,3/25/20,12,months,,,7% standard,,,,,,34848,5XFAD_carrier,C57BL6J,5XFAD,5XFAD,
,8392,9890,,B-253-20,227060,UCI_TMF,UCI_TMF,male,Mouse ,F1,3/25/20,12,months,,,7% standard,,,,,,34848,5XFAD_carrier,C57BL6J,5XFAD,5XFAD,
,TMF20591,13135,,,,UCI_TMF,UCI_TMF,female,Mouse ,N1,8/10/20,4,months,,,7% standard,,,,,,34848,5XFAD_carrier,C57BL6J,5XFAD,5XFAD,
,TMF20724,13148,,,,UCI_TMF,UCI_TMF,female,Mouse ,N1,8/16/20,4,months,,,7% standard,,,,,,34848,5XFAD_carrier,C57BL6J,5XFAD,5XFAD,
,TMF20725,13149,,,,UCI_TMF,UCI_TMF,female,Mouse ,N1,8/16/20,4,months,,,7% standard,,,,,,34848,5XFAD_carrier,C57BL6J,5XFAD,5XFAD,
,TMF20592,13136,,,,UCI_TMF,UCI_TMF,female,Mouse ,N1,8/10/20,4,months,,,7% standard,,,,,,34848,5XFAD_carrier,C57BL6J,5XFAD,5XFAD,
,TMF20556,13127,,,,UCI_TMF,UCI_TMF,male,Mouse ,N1,8/6/20,4,months,,,7% standard,,,,,,34848,5XFAD_carrier,C57BL6J,5XFAD,5XFAD,
,TMF20558,13129,,,,UCI_TMF,UCI_TMF,male,Mouse ,N1,8/6/20,4,months,,,7% standard,,,,,,34848,5XFAD_carrier,C57BL6J,5XFAD,5XFAD,
,TMF20587,13134,,,,UCI_TMF,UCI_TMF,male,Mouse ,N1,8/10/20,4,months,,,7% standard,,,,,,34848,5XFAD_carrier,C57BL6J,5XFAD,5XFAD,
,TMF20590,13131,,,,UCI_TMF,UCI_TMF,male,Mouse ,N1,8/10/20,4,months,,,7% standard,,,,,,34848,5XFAD_carrier,C57BL6J,5XFAD,5XFAD,
,TMF20589,13132,,,,UCI_TMF,UCI_TMF,male,Mouse ,N1,8/10/20,4,months,,,7% standard,,,,,,34848,5XFAD_carrier,C57BL6J,5XFAD,5XFAD,
,4952,6041,,B-297-19,CC2-7,UCI_TMF,UCI_TMF,female,Mouse ,N1,6/17/19,12,months,,,7% standard,,,,,,,5XFAD_carrier,B6JCC002F1,B6JCC002F1.5XFAD,,
,4915,6004,,B-290-19,CC2-2,UCI_TMF,UCI_TMF,female,Mouse ,N1,6/12/19,12,months,,,7% standard,,,,,,,5XFAD_carrier,B6JCC002F1,B6JCC002F1.5XFAD,,
,4914,6003,,B-290-19,CC2-2,UCI_TMF,UCI_TMF,female,Mouse ,N1,6/12/19,12,months,,,7% standard,,,,,,,5XFAD_carrier,B6JCC002F1,B6JCC002F1.5XFAD,,
,4909,5998,,B-296-19,176824,UCI_TMF,UCI_TMF,female,Mouse ,N1,6/12/19,12,months,,,7% standard,,,,,,,5XFAD_carrier,B6JCC002F1,B6JCC002F1.5XFAD,,
,4907,5996,,B-296-19,176824,UCI_TMF,UCI_TMF,female,Mouse ,N1,6/12/19,12,months,,,7% standard,,,,,,,5XFAD_carrier,B6JCC002F1,B6JCC002F1.5XFAD,,
,4886,5975,,B-280-19,176820,UCI_TMF,UCI_TMF,female,Mouse ,N1,6/5/19,12,months,,,7% standard,,,,,,,5XFAD_carrier,B6JCC002F1,B6JCC002F1.5XFAD,,
,4911,6000,,B-290-19,176818,UCI_TMF,UCI_TMF,male,Mouse ,N1,6/12/19,12,months,,,7% standard,,,,,,,5XFAD_carrier,B6JCC002F1,B6JCC002F1.5XFAD,,
,4899,5988,,B-289-19,176825,UCI_TMF,UCI_TMF,male,Mouse ,N1,6/12/19,12,months,,,7% standard,,,,,,,5XFAD_carrier,B6JCC002F1,B6JCC002F1.5XFAD,,
,4898,5987,,B-289-19,176825,UCI_TMF,UCI_TMF,male,Mouse ,N1,6/12/19,12,months,,,7% standard,,,,,,,5XFAD_carrier,B6JCC002F1,B6JCC002F1.5XFAD,,
,4891,5980,,B-288-19,176821,UCI_TMF,UCI_TMF,male,Mouse ,N1,6/12/19,12,months,,,7% standard,,,,,,,5XFAD_carrier,B6JCC002F1,B6JCC002F1.5XFAD,,
,4863,5952,,B-292-19,176819,UCI_TMF,UCI_TMF,male,Mouse ,N1,6/7/19,12,months,,,7% standard,,,,,,,5XFAD_carrier,B6JCC002F1,B6JCC002F1.5XFAD,,
,4862,5951,,B-292-19,176819,UCI_TMF,UCI_TMF,male,Mouse ,N1,6/7/19,12,months,,,7% standard,,,,,,,5XFAD_carrier,B6JCC002F1,B6JCC002F1.5XFAD,,
,4854,5943,,B-283-19,176822,UCI_TMF,UCI_TMF,female,Mouse ,N1,6/5/19,4,months,,,7% standard,,,,,,,5XFAD_carrier,B6JCC002F1,B6JCC002F1.5XFAD,,
,4858,5947,,B-283-19,176822,UCI_TMF,UCI_TMF,female,Mouse ,N1,6/5/19,4,months,,,7% standard,,,,,,,5XFAD_carrier,B6JCC002F1,B6JCC002F1.5XFAD,,
,4859,5948,,B-283-19,176822,UCI_TMF,UCI_TMF,female,Mouse ,N1,6/5/19,4,months,,,7% standard,,,,,,,5XFAD_carrier,B6JCC002F1,B6JCC002F1.5XFAD,,
,4860,5949,,B-283-19,176822,UCI_TMF,UCI_TMF,female,Mouse ,N1,6/5/19,4,months,,,7% standard,,,,,,,5XFAD_carrier,B6JCC002F1,B6JCC002F1.5XFAD,,
,4867,5956,,B-292-19,176819,UCI_TMF,UCI_TMF,female,Mouse ,N1,6/7/19,4,months,,,7% standard,,,,,,,5XFAD_carrier,B6JCC002F1,B6JCC002F1.5XFAD,,
,4882,5971,,B-280-19,176820,UCI_TMF,UCI_TMF,female,Mouse ,N1,6/5/19,4,months,,,7% standard,,,,,,,5XFAD_carrier,B6JCC002F1,B6JCC002F1.5XFAD,,
,4841,5930,,B-281-19,176823,UCI_TMF,UCI_TMF,male,Mouse ,N1,6/5/19,4,months,,,7% standard,,,,,,,5XFAD_carrier,B6JCC002F1,B6JCC002F1.5XFAD,,
,4846,5935,,B-282-19,176825,UCI_TMF,UCI_TMF,male,Mouse ,N1,6/5/19,4,months,,,7% standard,,,,,,,5XFAD_carrier,B6JCC002F1,B6JCC002F1.5XFAD,,
,4850,5939,,B-283-19,176822,UCI_TMF,UCI_TMF,male,Mouse ,N1,6/5/19,4,months,,,7% standard,,,,,,,5XFAD_carrier,B6JCC002F1,B6JCC002F1.5XFAD,,
,4852,5941,,B-283-19,176822,UCI_TMF,UCI_TMF,male,Mouse ,N1,6/5/19,4,months,,,7% standard,,,,,,,5XFAD_carrier,B6JCC002F1,B6JCC002F1.5XFAD,,
,4853,5942,,B-283-19,176822,UCI_TMF,UCI_TMF,male,Mouse ,N1,6/5/19,4,months,,,7% standard,,,,,,,5XFAD_carrier,B6JCC002F1,B6JCC002F1.5XFAD,,
,4880,5969,,B-280-19,176820,UCI_TMF,UCI_TMF,male,Mouse ,N1,6/5/19,4,months,,,7% standard,,,,,,,5XFAD_carrier,B6JCC002F1,B6JCC002F1.5XFAD,,
,3180,4065,,B-45-19,147820,UCI_TMF,UCI_TMF,female,Mouse ,N1,2/1/19,12,months,,,7% standard,,,,,,,5XFAD_carrier,B6JCC006F1,B6JCC006F1.5XFAD,,
,3188,4073,,B-47-19,147827,UCI_TMF,UCI_TMF,female,Mouse ,N1,2/1/19,12,months,,,7% standard,,,,,,,5XFAD_carrier,B6JCC006F1,B6JCC006F1.5XFAD,,
,3189,4074,,B-47-19,147827,UCI_TMF,UCI_TMF,female,Mouse ,N1,2/1/19,12,months,,,7% standard,,,,,,,5XFAD_carrier,B6JCC006F1,B6JCC006F1.5XFAD,,
,3205,4090,,B-48-19,147821,UCI_TMF,UCI_TMF,female,Mouse ,N1,2/3/19,12,months,,,7% standard,,,,,,,5XFAD_carrier,B6JCC006F1,B6JCC006F1.5XFAD,,
,3206,4091,,B-48-19,147821,UCI_TMF,UCI_TMF,female,Mouse ,N1,2/3/19,12,months,,,7% standard,,,,,,,5XFAD_carrier,B6JCC006F1,B6JCC006F1.5XFAD,,
,3196,4081,,B-48-19,147821,UCI_TMF,UCI_TMF,male,Mouse ,N1,2/3/19,12,months,,,7% standard,,,,,,,5XFAD_carrier,B6JCC006F1,B6JCC006F1.5XFAD,,
,3195,4080,,B-48-19,147821,UCI_TMF,UCI_TMF,male,Mouse ,N1,2/3/19,12,months,,,7% standard,,,,,,,5XFAD_carrier,B6JCC006F1,B6JCC006F1.5XFAD,,
,3194,4079,,B-48-19,147821,UCI_TMF,UCI_TMF,male,Mouse ,N1,2/3/19,12,months,,,7% standard,,,,,,,5XFAD_carrier,B6JCC006F1,B6JCC006F1.5XFAD,,
,3202,4087,,B-48-19,147821,UCI_TMF,UCI_TMF,male,Mouse ,N1,2/3/19,12,months,,,7% standard,,,,,,,5XFAD_carrier,B6JCC006F1,B6JCC006F1.5XFAD,,
,3200,4085,,B-48-19,147821,UCI_TMF,UCI_TMF,male,Mouse ,N1,2/3/19,12,months,,,7% standard,,,,,,,5XFAD_carrier,B6JCC006F1,B6JCC006F1.5XFAD,,
,3176,4061,,B-45-19,147820,UCI_TMF,UCI_TMF,male,Mouse ,N1,2/1/19,12,months,,,7% standard,,,,,,,5XFAD_carrier,B6JCC006F1,B6JCC006F1.5XFAD,,
,3131,4016,,B-42-19,147823,UCI_TMF,UCI_TMF,female,Mouse ,N1,1/29/19,4,months,,,7% standard,,,,,,,5XFAD_carrier,B6JCC006F1,B6JCC006F1.5XFAD,,
,3132,4017,,B-42-19,147823,UCI_TMF,UCI_TMF,female,Mouse ,N1,1/29/19,4,months,,,7% standard,,,,,,,5XFAD_carrier,B6JCC006F1,B6JCC006F1.5XFAD,,
,3156,4041,,B-43-19,147824,UCI_TMF,UCI_TMF,female,Mouse ,N1,1/31/19,4,months,,,7% standard,,,,,,,5XFAD_carrier,B6JCC006F1,B6JCC006F1.5XFAD,,
,3157,4042,,B-43-19,147824,UCI_TMF,UCI_TMF,female,Mouse ,N1,1/31/19,4,months,,,7% standard,,,,,,,5XFAD_carrier,B6JCC006F1,B6JCC006F1.5XFAD,,
,3166,4051,,B-44-19,147825,UCI_TMF,UCI_TMF,female,Mouse ,N1,2/1/19,4,months,,,7% standard,,,,,,,5XFAD_carrier,B6JCC006F1,B6JCC006F1.5XFAD,,
,3167,4052,,B-44-19,147825,UCI_TMF,UCI_TMF,female,Mouse ,N1,2/1/19,4,months,,,7% standard,,,,,,,5XFAD_carrier,B6JCC006F1,B6JCC006F1.5XFAD,,
,3127,4012,,B-42-19,147823,UCI_TMF,UCI_TMF,male,Mouse ,N1,1/29/19,4,months,,,7% standard,,,,,,,5XFAD_carrier,B6JCC006F1,B6JCC006F1.5XFAD,,
,3128,4013,,B-42-19,147823,UCI_TMF,UCI_TMF,male,Mouse ,N1,1/29/19,4,months,,,7% standard,,,,,,,5XFAD_carrier,B6JCC006F1,B6JCC006F1.5XFAD,,
,3129,4014,,B-42-19,147823,UCI_TMF,UCI_TMF,male,Mouse ,N1,1/29/19,4,months,,,7% standard,,,,,,,5XFAD_carrier,B6JCC006F1,B6JCC006F1.5XFAD,,
,3130,4015,,B-42-19,147823,UCI_TMF,UCI_TMF,male,Mouse ,N1,1/29/19,4,months,,,7% standard,,,,,,,5XFAD_carrier,B6JCC006F1,B6JCC006F1.5XFAD,,
,3144,4029,,B-43-19,147824,UCI_TMF,UCI_TMF,male,Mouse ,N1,1/31/19,4,months,,,7% standard,,,,,,,5XFAD_carrier,B6JCC006F1,B6JCC006F1.5XFAD,,
,3145,4030,,B-43-19,147824,UCI_TMF,UCI_TMF,male,Mouse ,N1,1/31/19,4,months,,,7% standard,,,,,,,5XFAD_carrier,B6JCC006F1,B6JCC006F1.5XFAD,,
,4038,5093,,B-167-19,163128,UCI_TMF,UCI_TMF,female,Mouse ,N1,3/15/19,12,months,,,7% standard,,,,,,,5XFAD_carrier,B6JCC013F1,B6JCC013F1.5XFAD,,
,4039,5092,,B-167-19,163128,UCI_TMF,UCI_TMF,female,Mouse ,N1,3/15/19,12,months,,,7% standard,,,,,,,5XFAD_carrier,B6JCC013F1,B6JCC013F1.5XFAD,,
,4040,5091,,B-167-19,163128,UCI_TMF,UCI_TMF,female,Mouse ,N1,3/15/19,12,months,,,7% standard,,,,,,,5XFAD_carrier,B6JCC013F1,B6JCC013F1.5XFAD,,
,3901,4961,,B-142-19,147976,UCI_TMF,UCI_TMF,female,Mouse ,N1,3/9/19,12,months,,,7% standard,,,,,,,5XFAD_carrier,B6JCC013F1,B6JCC013F1.5XFAD,,
,3921,4948,,B-139-19,147981,UCI_TMF,UCI_TMF,female,Mouse ,N1,3/10/19,12,months,,,7% standard,,,,,,,5XFAD_carrier,B6JCC013F1,B6JCC013F1.5XFAD,,
,4034,5097,,B-167-19,163128,UCI_TMF,UCI_TMF,male,Mouse ,N1,3/15/19,12,months,,,7% standard,,,,,,,5XFAD_carrier,B6JCC013F1,B6JCC013F1.5XFAD,,
,4035,5096,,B-167-19,163128,UCI_TMF,UCI_TMF,male,Mouse ,N1,3/15/19,12,months,,,7% standard,,,,,,,5XFAD_carrier,B6JCC013F1,B6JCC013F1.5XFAD,,
,3918,4945,,B-139-19,147981,UCI_TMF,UCI_TMF,male,Mouse ,N1,3/10/19,12,months,,,7% standard,,,,,,,5XFAD_carrier,B6JCC013F1,B6JCC013F1.5XFAD,,
,3903,4930,,B-138-19,147980,UCI_TMF,UCI_TMF,male,Mouse ,N1,3/10/19,12,months,,,7% standard,,,,,,,5XFAD_carrier,B6JCC013F1,B6JCC013F1.5XFAD,,
,3882,4909,,B-141-19,147979,UCI_TMF,UCI_TMF,male,Mouse ,N1,3/9/19,12,months,,,7% standard,,,,,,,5XFAD_carrier,B6JCC013F1,B6JCC013F1.5XFAD,,
,3791,4818,,B-135-19,147868,UCI_TMF,UCI_TMF,female,Mouse ,N1,3/7/19,4,months,,,7% standard,,,,,,,5XFAD_carrier,B6JCC013F1,B6JCC013F1.5XFAD,,
,3792,4819,,B-135-19,147868,UCI_TMF,UCI_TMF,female,Mouse ,N1,3/7/19,4,months,,,7% standard,,,,,,,5XFAD_carrier,B6JCC013F1,B6JCC013F1.5XFAD,,
,3794,4821,,B-135-19,147868,UCI_TMF,UCI_TMF,female,Mouse ,N1,3/7/19,4,months,,,7% standard,,,,,,,5XFAD_carrier,B6JCC013F1,B6JCC013F1.5XFAD,,
,3868,4895,,B-136-19,147982,UCI_TMF,UCI_TMF,female,Mouse ,N1,3/9/19,4,months,,,7% standard,,,,,,,5XFAD_carrier,B6JCC013F1,B6JCC013F1.5XFAD,,
,3869,4896,,B-136-19,147982,UCI_TMF,UCI_TMF,female,Mouse ,N1,3/9/19,4,months,,,7% standard,,,,,,,5XFAD_carrier,B6JCC013F1,B6JCC013F1.5XFAD,,
,3878,4905,,B-137-19,147983,UCI_TMF,UCI_TMF,female,Mouse ,N1,3/9/19,4,months,,,7% standard,,,,,,,5XFAD_carrier,B6JCC013F1,B6JCC013F1.5XFAD,,
,3779,4806,,B-134-19,147981,UCI_TMF,UCI_TMF,male,Mouse ,N1,3/6/19,4,months,,,7% standard,,,,,,,5XFAD_carrier,B6JCC013F1,B6JCC013F1.5XFAD,,
,3787,4814,,B-135-19,147868,UCI_TMF,UCI_TMF,male,Mouse ,N1,3/7/19,4,months,,,7% standard,,,,,,,5XFAD_carrier,B6JCC013F1,B6JCC013F1.5XFAD,,
,3863,4890,,B-136-19,147982,UCI_TMF,UCI_TMF,male,Mouse ,N1,3/9/19,4,months,,,7% standard,,,,,,,5XFAD_carrier,B6JCC013F1,B6JCC013F1.5XFAD,,
,3864,4891,,B-136-19,147982,UCI_TMF,UCI_TMF,male,Mouse ,N1,3/9/19,4,months,,,7% standard,,,,,,,5XFAD_carrier,B6JCC013F1,B6JCC013F1.5XFAD,,
,3866,4893,,B-136-19,147982,UCI_TMF,UCI_TMF,male,Mouse ,N1,3/9/19,4,months,,,7% standard,,,,,,,5XFAD_carrier,B6JCC013F1,B6JCC013F1.5XFAD,,
,5029,6167,,B-300-19,176781,UCI_TMF,UCI_TMF,female,Mouse ,N1,6/26/19,12,months,,,7% standard,,,,,,,5XFAD_carrier,B6JCC017F1,B6JCC017F1.5XFAD,,
,5028,6166,,B-300-19,176781,UCI_TMF,UCI_TMF,female,Mouse ,N1,6/26/19,12,months,,,7% standard,,,,,,,5XFAD_carrier,B6JCC017F1,B6JCC017F1.5XFAD,,
,5026,6164,,B-300-19,176781,UCI_TMF,UCI_TMF,female,Mouse ,N1,6/26/19,12,months,,,7% standard,,,,,,,5XFAD_carrier,B6JCC017F1,B6JCC017F1.5XFAD,,
,5025,6163,,B-300-19,176781,UCI_TMF,UCI_TMF,female,Mouse ,N1,6/26/19,12,months,,,7% standard,,,,,,,5XFAD_carrier,B6JCC017F1,B6JCC017F1.5XFAD,,
,5010,6148,,B-298-19,176774,UCI_TMF,UCI_TMF,female,Mouse ,N1,6/26/19,12,months,,,7% standard,,,,,,,5XFAD_carrier,B6JCC017F1,B6JCC017F1.5XFAD,,
,5009,6147,,B-298-19,176774,UCI_TMF,UCI_TMF,female,Mouse ,N1,6/26/19,12,months,,,7% standard,,,,,,,5XFAD_carrier,B6JCC017F1,B6JCC017F1.5XFAD,,
,5116,6285,,B-314-19,176778,UCI_TMF,UCI_TMF,male,Mouse ,N1,7/4/19,12,months,,,7% standard,,,,,,,5XFAD_carrier,B6JCC017F1,B6JCC017F1.5XFAD,,
,5114,6283,,B-314-19,176778,UCI_TMF,UCI_TMF,male,Mouse ,N1,7/4/19,12,months,,,7% standard,,,,,,,5XFAD_carrier,B6JCC017F1,B6JCC017F1.5XFAD,,
,5113,6282,,B-314-19,176778,UCI_TMF,UCI_TMF,male,Mouse ,N1,7/4/19,12,months,,,7% standard,,,,,,,5XFAD_carrier,B6JCC017F1,B6JCC017F1.5XFAD,,
,5059,6226,,B-306-19,176774,UCI_TMF,UCI_TMF,male,Mouse ,N1,6/28/19,12,months,,,7% standard,,,,,,,5XFAD_carrier,B6JCC017F1,B6JCC017F1.5XFAD,,
,5015,6153,,B-299-19,176782,UCI_TMF,UCI_TMF,male,Mouse ,N1,6/26/19,12,months,,,7% standard,,,,,,,5XFAD_carrier,B6JCC017F1,B6JCC017F1.5XFAD,,
,5013,6151,,B-299-19,176782,UCI_TMF,UCI_TMF,male,Mouse ,N1,6/26/19,12,months,,,7% standard,,,,,,,5XFAD_carrier,B6JCC017F1,B6JCC017F1.5XFAD,,
,5045,6183,,B-305-19,176780,UCI_TMF,UCI_TMF,female,Mouse ,N1,6/28/19,4,months,,,7% standard,,,,,,,5XFAD_carrier,B6JCC017F1,B6JCC017F1.5XFAD,,
,5043,6181,,B-305-19,176780,UCI_TMF,UCI_TMF,female,Mouse ,N1,6/28/19,4,months,,,7% standard,,,,,,,5XFAD_carrier,B6JCC017F1,B6JCC017F1.5XFAD,,
,5034,6172,,B-304-19,176775,UCI_TMF,UCI_TMF,female,Mouse ,N1,6/27/19,4,months,,,7% standard,,,,,,,5XFAD_carrier,B6JCC017F1,B6JCC017F1.5XFAD,,
,5036,6174,,B-304-19,176775,UCI_TMF,UCI_TMF,female,Mouse ,N1,6/27/19,4,months,,,7% standard,,,,,,,5XFAD_carrier,B6JCC017F1,B6JCC017F1.5XFAD,,
,5037,6175,,B-304-19,176775,UCI_TMF,UCI_TMF,female,Mouse ,N1,6/27/19,4,months,,,7% standard,,,,,,,5XFAD_carrier,B6JCC017F1,B6JCC017F1.5XFAD,,
,4993,6131,,B-301-19,176783,UCI_TMF,UCI_TMF,female,Mouse ,N1,6/26/19,4,months,,,7% standard,,,,,,,5XFAD_carrier,B6JCC017F1,B6JCC017F1.5XFAD,,
,4992,6130,,B-301-19,176783,UCI_TMF,UCI_TMF,female,Mouse ,N1,6/26/19,4,months,,,7% standard,,,,,,,5XFAD_carrier,B6JCC017F1,B6JCC017F1.5XFAD,,
,4991,6129,,B-301-19,176783,UCI_TMF,UCI_TMF,male,Mouse ,N1,6/26/19,4,months,,,7% standard,,,,,,,5XFAD_carrier,B6JCC017F1,B6JCC017F1.5XFAD,,
,5021,6159,,B-300-19,176781,UCI_TMF,UCI_TMF,male,Mouse ,N1,6/26/19,4,months,,,7% standard,,,,,,,5XFAD_carrier,B6JCC017F1,B6JCC017F1.5XFAD,,
,5022,6160,,B-300-19,176781,UCI_TMF,UCI_TMF,male,Mouse ,N1,6/26/19,4,months,,,7% standard,,,,,,,5XFAD_carrier,B6JCC017F1,B6JCC017F1.5XFAD,,
,5039,6177,,B-305-19,176780,UCI_TMF,UCI_TMF,male,Mouse ,N1,6/28/19,4,months,,,7% standard,,,,,,,5XFAD_carrier,B6JCC017F1,B6JCC017F1.5XFAD,,
,5041,6179,,B-305-19,176780,UCI_TMF,UCI_TMF,male,Mouse ,N1,6/28/19,4,months,,,7% standard,,,,,,,5XFAD_carrier,B6JCC017F1,B6JCC017F1.5XFAD,,
,5032,6170,,B-304-19,176775,UCI_TMF,UCI_TMF,male,Mouse ,N1,6/27/19,4,months,,,7% standard,,,,,,,5XFAD_carrier,B6JCC017F1,B6JCC017F1.5XFAD,,
,3121,4006,,B-33-19,147811,UCI_TMF,UCI_TMF,female,Mouse ,N1,1/26/19,12,months,,,7% standard,,,,,,,5XFAD_carrier,B6JCC037F1,B6JCC037F1.5XFAD,,
,3120,4005,,B-33-19,147811,UCI_TMF,UCI_TMF,female,Mouse ,N1,1/26/19,12,months,,,7% standard,,,,,,,5XFAD_carrier,B6JCC037F1,B6JCC037F1.5XFAD,,
,3119,4004,,B-33-19,147811,UCI_TMF,UCI_TMF,female,Mouse ,N1,1/26/19,12,months,,,7% standard,,,,,,,5XFAD_carrier,B6JCC037F1,B6JCC037F1.5XFAD,,
,3116,4001,,B-32-19,147819,UCI_TMF,UCI_TMF,female,Mouse ,N1,1/26/19,12,months,,,7% standard,,,,,,,5XFAD_carrier,B6JCC037F1,B6JCC037F1.5XFAD,,
,3115,4000,,B-32-19,147819,UCI_TMF,UCI_TMF,female,Mouse ,N1,1/26/19,12,months,,,7% standard,,,,,,,5XFAD_carrier,B6JCC037F1,B6JCC037F1.5XFAD,,
,3114,3999,,B-32-19,147819,UCI_TMF,UCI_TMF,female,Mouse ,N1,1/26/19,12,months,,,7% standard,,,,,,,5XFAD_carrier,B6JCC037F1,B6JCC037F1.5XFAD,,
,3111,3992,,B-31-19,147830,UCI_TMF,UCI_TMF,female,Mouse ,N1,1/25/19,12,months,,,7% standard,,,,,,,5XFAD_carrier,B6JCC037F1,B6JCC037F1.5XFAD,,
,3117,4002,,B-33-19,147811,UCI_TMF,UCI_TMF,male,Mouse ,N1,1/26/19,12,months,,,7% standard,,,,,,,5XFAD_carrier,B6JCC037F1,B6JCC037F1.5XFAD,,
,3113,3998,,B-32-19,147819,UCI_TMF,UCI_TMF,male,Mouse ,N1,1/26/19,12,months,,,7% standard,,,,,,,5XFAD_carrier,B6JCC037F1,B6JCC037F1.5XFAD,,
,3109,3990,,B-31-19,147830,UCI_TMF,UCI_TMF,male,Mouse ,N1,1/25/19,12,months,,,7% standard,,,,,,,5XFAD_carrier,B6JCC037F1,B6JCC037F1.5XFAD,,
,3104,3985,,B-30-19,147831,UCI_TMF,UCI_TMF,male,Mouse ,N1,1/25/19,12,months,,,7% standard,,,,,,,5XFAD_carrier,B6JCC037F1,B6JCC037F1.5XFAD,,
,3103,3984,,B-30-19,147831,UCI_TMF,UCI_TMF,male,Mouse ,N1,1/25/19,12,months,,,7% standard,,,,,,,5XFAD_carrier,B6JCC037F1,B6JCC037F1.5XFAD,,
,3075,3944,,B-26-19,147811,UCI_TMF,UCI_TMF,female,Mouse ,N1,1/21/19,4,months,,,7% standard,,,,,,,5XFAD_carrier,B6JCC037F1,B6JCC037F1.5XFAD,,
,3076,3945,,B-26-19,147811,UCI_TMF,UCI_TMF,female,Mouse ,N1,1/21/19,4,months,,,7% standard,,,,,,,5XFAD_carrier,B6JCC037F1,B6JCC037F1.5XFAD,,
,3077,3946,,B-26-19,147811,UCI_TMF,UCI_TMF,female,Mouse ,N1,1/21/19,4,months,,,7% standard,,,,,,,5XFAD_carrier,B6JCC037F1,B6JCC037F1.5XFAD,,
,3079,3948,,B-26-19,147811,UCI_TMF,UCI_TMF,female,Mouse ,N1,1/21/19,4,months,,,7% standard,,,,,,,5XFAD_carrier,B6JCC037F1,B6JCC037F1.5XFAD,,
,3101,3982,,B-29-19,147833,UCI_TMF,UCI_TMF,female,Mouse ,N1,1/24/19,4,months,,,7% standard,,,,,,,5XFAD_carrier,B6JCC037F1,B6JCC037F1.5XFAD,,
,3080,3949,,B-27-19,147832,UCI_TMF,UCI_TMF,male,Mouse ,N1,1/21/19,4,months,,,7% standard,,,,,,,5XFAD_carrier,B6JCC037F1,B6JCC037F1.5XFAD,,
,3095,3976,,B-29-19,147833,UCI_TMF,UCI_TMF,male,Mouse ,N1,1/24/19,4,months,,,7% standard,,,,,,,5XFAD_carrier,B6JCC037F1,B6JCC037F1.5XFAD,,
,3096,3977,,B-29-19,147833,UCI_TMF,UCI_TMF,male,Mouse ,N1,1/24/19,4,months,,,7% standard,,,,,,,5XFAD_carrier,B6JCC037F1,B6JCC037F1.5XFAD,,
,3098,3979,,B-29-19,147833,UCI_TMF,UCI_TMF,male,Mouse ,N1,1/24/19,4,months,,,7% standard,,,,,,,5XFAD_carrier,B6JCC037F1,B6JCC037F1.5XFAD,,
,3099,3980,,B-29-19,147833,UCI_TMF,UCI_TMF,male,Mouse ,N1,1/24/19,4,months,,,7% standard,,,,,,,5XFAD_carrier,B6JCC037F1,B6JCC037F1.5XFAD,,
,3100,3981,,B-29-19,147833,UCI_TMF,UCI_TMF,male,Mouse ,N1,1/24/19,4,months,,,7% standard,,,,,,,5XFAD_carrier,B6JCC037F1,B6JCC037F1.5XFAD,,
,7549,8980,,B-73-20,161814,UCI_TMF,UCI_TMF,female,Mouse ,N1,1/19/20,12,months,,,7% standard,,,,,,,5XFAD_noncarrier,C57BL6J,C57BL6J,C57BL6J,
,7580,9011,,B-61-20,197354 [ABI3-A],UCI_TMF,UCI_TMF,female,Mouse ,N2-F1,1/21/20,12,months,,,7% standard,,,,,,,5XFAD_noncarrier,C57BL6J,C57BL6J,C57BL6J,
,7684,9115,,B-78-20,197356,UCI_TMF,UCI_TMF,female,Mouse ,F1,1/25/20,12,months,,,7% standard,,,,,,,5XFAD_noncarrier,C57BL6J,C57BL6J,C57BL6J,
,8062,9500,,B-177-20,197295 [16983 A-1],UCI_TMF,UCI_TMF,female,Mouse ,N1-F1,3/1/20,12,months,,,7% standard,,,,,,,5XFAD_noncarrier,C57BL6J,C57BL6J,C57BL6J,
,8123,9579,,B-188-20,214791,UCI_TMF,UCI_TMF,female,Mouse ,N2-F1,3/5/20,12,months,,,7% standard,,,,,,,5XFAD_noncarrier,C57BL6J,C57BL6J,C57BL6J,
,7772,9203,,B-108-20,209787,UCI_TMF,UCI_TMF,male,Mouse ,F1,2/5/20,12,months,,,7% standard,,,,,,,5XFAD_noncarrier,C57BL6J,C57BL6J,C57BL6J,
,8041,9479,,B-165-20,220402,UCI_TMF,UCI_TMF,male,Mouse ,F2,2/26/20,12,months,,,7% standard,,,,,,,5XFAD_noncarrier,C57BL6J,C57BL6J,C57BL6J,
,8350,9837,,B-242-20,227065,UCI_TMF,UCI_TMF,male,Mouse ,F1,3/23/20,12,months,,,7% standard,,,,,,,5XFAD_noncarrier,C57BL6J,C57BL6J,C57BL6J,
,8382,9880,,B-249-20,227063,UCI_TMF,UCI_TMF,male,Mouse ,N2-F1,3/24/20,12,months,,,7% standard,,,,,,,5XFAD_noncarrier,C57BL6J,C57BL6J,C57BL6J,
,TMF20554,13126,,,,UCI_TMF,UCI_TMF,male,Mouse ,N1,8/6/20,4,months,,,7% standard,,,,,,34848,5XFAD_noncarrier,C57BL6J,C57BL6J,C57BL6J,
,TMF20557,13128,,,,UCI_TMF,UCI_TMF,male,Mouse ,N1,8/6/20,4,months,,,7% standard,,,,,,34848,5XFAD_noncarrier,C57BL6J,C57BL6J,C57BL6J,
,TMF20559,13130,,,,UCI_TMF,UCI_TMF,male,Mouse ,N1,8/6/20,4,months,,,7% standard,,,,,,34848,5XFAD_noncarrier,C57BL6J,C57BL6J,C57BL6J,
,TMF20588,13133,,,,UCI_TMF,UCI_TMF,male,Mouse ,N1,8/10/20,4,months,,,7% standard,,,,,,34848,5XFAD_noncarrier,C57BL6J,C57BL6J,C57BL6J,
,TMF20728,13151,,,,UCI_TMF,UCI_TMF,male,Mouse ,N1,8/16/20,4,months,,,7% standard,,,,,,34848,5XFAD_noncarrier,C57BL6J,C57BL6J,C57BL6J,
,TMF20738,13161,,,,UCI_TMF,UCI_TMF,male,Mouse ,N1,8/18/20,4,months,,,7% standard,,,,,,34848,5XFAD_noncarrier,C57BL6J,C57BL6J,C57BL6J,
,TMF20593,13137,,,,UCI_TMF,UCI_TMF,female,Mouse ,N1,8/10/20,4,months,,,7% standard,,,,,,34848,5XFAD_noncarrier,C57BL6J,C57BL6J,C57BL6J,
,TMF20682,13155,,,,UCI_TMF,UCI_TMF,female,Mouse ,N1,8/12/20,4,months,,,7% standard,,,,,,34848,5XFAD_noncarrier,C57BL6J,C57BL6J,C57BL6J,
,TMF20723,13147,,,,UCI_TMF,UCI_TMF,female,Mouse ,N1,8/16/20,4,months,,,7% standard,,,,,,34848,5XFAD_noncarrier,C57BL6J,C57BL6J,C57BL6J,
,TMF20726,13150,,,,UCI_TMF,UCI_TMF,female,Mouse ,N1,8/16/20,4,months,,,7% standard,,,,,,34848,5XFAD_noncarrier,C57BL6J,C57BL6J,C57BL6J,
,TMF20729,13160,,,,UCI_TMF,UCI_TMF,female,Mouse ,N1,8/16/20,4,months,,,7% standard,,,,,,34848,5XFAD_noncarrier,C57BL6J,C57BL6J,C57BL6J,
,TMF20736,13158,,,,UCI_TMF,UCI_TMF,female,Mouse ,N1,8/16/20,4,months,,,7% standard,,,,,,34848,5XFAD_noncarrier,C57BL6J,C57BL6J,C57BL6J,
,4953,6042,,B-297-19,176819,UCI_TMF,UCI_TMF,female,Mouse ,N1,6/17/19,12,months,,,7% standard,,,,,,,5XFAD_noncarrier,B6JCC002F1,B6JCC002F1,,
,4951,6040,,B-297-19,176819,UCI_TMF,UCI_TMF,female,Mouse ,N1,6/17/19,12,months,,,7% standard,,,,,,,5XFAD_noncarrier,B6JCC002F1,B6JCC002F1,,
,4913,6002,,B-290-19,176818,UCI_TMF,UCI_TMF,female,Mouse ,N1,6/12/19,12,months,,,7% standard,,,,,,,5XFAD_noncarrier,B6JCC002F1,B6JCC002F1,,
,4908,5997,,B-296-19,176824,UCI_TMF,UCI_TMF,female,Mouse ,N1,6/12/19,12,months,,,7% standard,,,,,,,5XFAD_noncarrier,B6JCC002F1,B6JCC002F1,,
,4906,5995,,B-296-19,176824,UCI_TMF,UCI_TMF,female,Mouse ,N1,6/12/19,12,months,,,7% standard,,,,,,,5XFAD_noncarrier,B6JCC002F1,B6JCC002F1,,
,4905,5994,,B-296-19,176824,UCI_TMF,UCI_TMF,female,Mouse ,N1,6/12/19,12,months,,,7% standard,,,,,,,5XFAD_noncarrier,B6JCC002F1,B6JCC002F1,,
,4912,6001,,B-290-19,176818,UCI_TMF,UCI_TMF,male,Mouse ,N1,6/12/19,12,months,,,7% standard,,,,,,,5XFAD_noncarrier,B6JCC002F1,B6JCC002F1,,
,4900,5989,,B-289-19,176825,UCI_TMF,UCI_TMF,male,Mouse ,N1,6/12/19,12,months,,,7% standard,,,,,,,5XFAD_noncarrier,B6JCC002F1,B6JCC002F1,,
,4892,5981,,B-288-19,176821,UCI_TMF,UCI_TMF,male,Mouse ,N1,6/12/19,12,months,,,7% standard,,,,,,,5XFAD_noncarrier,B6JCC002F1,B6JCC002F1,,
,4890,5979,,B-288-19,176821,UCI_TMF,UCI_TMF,male,Mouse ,N1,6/12/19,12,months,,,7% standard,,,,,,,5XFAD_noncarrier,B6JCC002F1,B6JCC002F1,,
,4889,5978,,B-288-19,176821,UCI_TMF,UCI_TMF,male,Mouse ,N1,6/12/19,12,months,,,7% standard,,,,,,,5XFAD_noncarrier,B6JCC002F1,B6JCC002F1,,
,4861,5950,,B-292-19,176819,UCI_TMF,UCI_TMF,male,Mouse ,N1,6/7/19,12,months,,,7% standard,,,,,,,5XFAD_noncarrier,B6JCC002F1,B6JCC002F1,,
,4855,5944,,B-283-19,176822,UCI_TMF,UCI_TMF,female,Mouse ,N1,6/5/19,4,months,,,7% standard,,,,,,,5XFAD_noncarrier,B6JCC002F1,B6JCC002F1,,
,4856,5945,,B-283-19,176822,UCI_TMF,UCI_TMF,female,Mouse ,N1,6/5/19,4,months,,,7% standard,,,,,,,5XFAD_noncarrier,B6JCC002F1,B6JCC002F1,,
,4857,5946,,B-283-19,176822,UCI_TMF,UCI_TMF,female,Mouse ,N1,6/5/19,4,months,,,7% standard,,,,,,,5XFAD_noncarrier,B6JCC002F1,B6JCC002F1,,
,4868,5957,,B-292-19,176819,UCI_TMF,UCI_TMF,female,Mouse ,N1,6/7/19,4,months,,,7% standard,,,,,,,5XFAD_noncarrier,B6JCC002F1,B6JCC002F1,,
,4883,5972,,B-280-19,176820,UCI_TMF,UCI_TMF,female,Mouse ,N1,6/5/19,4,months,,,7% standard,,,,,,,5XFAD_noncarrier,B6JCC002F1,B6JCC002F1,,
,4840,5929,,B-281-19,176823,UCI_TMF,UCI_TMF,male,Mouse ,N1,6/5/19,4,months,,,7% standard,,,,,,,5XFAD_noncarrier,B6JCC002F1,B6JCC002F1,,
,4847,5936,,B-282-19,176825,UCI_TMF,UCI_TMF,male,Mouse ,N1,6/5/19,4,months,,,7% standard,,,,,,,5XFAD_noncarrier,B6JCC002F1,B6JCC002F1,,
,4849,5938,,B-283-19,176822,UCI_TMF,UCI_TMF,male,Mouse ,N1,6/5/19,4,months,,,7% standard,,,,,,,5XFAD_noncarrier,B6JCC002F1,B6JCC002F1,,
,4851,5940,,B-283-19,176822,UCI_TMF,UCI_TMF,male,Mouse ,N1,6/5/19,4,months,,,7% standard,,,,,,,5XFAD_noncarrier,B6JCC002F1,B6JCC002F1,,
,4879,5968,,B-280-19,176820,UCI_TMF,UCI_TMF,male,Mouse ,N1,6/5/19,4,months,,,7% standard,,,,,,,5XFAD_noncarrier,B6JCC002F1,B6JCC002F1,,
,3179,4064,,B-45-19,147820,UCI_TMF,UCI_TMF,female,Mouse ,N1,2/1/19,12,months,,,7% standard,,,,,,,5XFAD_noncarrier,B6JCC006F1,B6JCC006F1,,
,3186,4071,,B-47-19,147827,UCI_TMF,UCI_TMF,female,Mouse ,N1,2/1/19,12,months,,,7% standard,,,,,,,5XFAD_noncarrier,B6JCC006F1,B6JCC006F1,,
,3187,4072,,B-47-19,147827,UCI_TMF,UCI_TMF,female,Mouse ,N1,2/1/19,12,months,,,7% standard,,,,,,,5XFAD_noncarrier,B6JCC006F1,B6JCC006F1,,
,3203,4088,,B-48-19,147821,UCI_TMF,UCI_TMF,female,Mouse ,N1,2/3/19,12,months,,,7% standard,,,,,,,5XFAD_noncarrier,B6JCC006F1,B6JCC006F1,,
,3204,4089,,B-48-19,147821,UCI_TMF,UCI_TMF,female,Mouse ,N1,2/3/19,12,months,,,7% standard,,,,,,,5XFAD_noncarrier,B6JCC006F1,B6JCC006F1,,
,3207,4092,,B-48-19,147821,UCI_TMF,UCI_TMF,female,Mouse ,N1,2/3/19,12,months,,,7% standard,,,,,,,5XFAD_noncarrier,B6JCC006F1,B6JCC006F1,,
,3198,4083,,B-48-19,147821,UCI_TMF,UCI_TMF,male,Mouse ,N1,2/3/19,12,months,,,7% standard,,,,,,,5XFAD_noncarrier,B6JCC006F1,B6JCC006F1,,
,3197,4082,,B-48-19,147821,UCI_TMF,UCI_TMF,male,Mouse ,N1,2/3/19,12,months,,,7% standard,,,,,,,5XFAD_noncarrier,B6JCC006F1,B6JCC006F1,,
,3201,4086,,B-48-19,147821,UCI_TMF,UCI_TMF,male,Mouse ,N1,2/3/19,12,months,,,7% standard,,,,,,,5XFAD_noncarrier,B6JCC006F1,B6JCC006F1,,
,3199,4084,,B-48-19,147821,UCI_TMF,UCI_TMF,male,Mouse ,N1,2/3/19,12,months,,,7% standard,,,,,,,5XFAD_noncarrier,B6JCC006F1,B6JCC006F1,,
,3174,4059,,B-45-19,147820,UCI_TMF,UCI_TMF,male,Mouse ,N1,2/1/19,12,months,,,7% standard,,,,,,,5XFAD_noncarrier,B6JCC006F1,B6JCC006F1,,
,3173,4058,,B-45-19,147820,UCI_TMF,UCI_TMF,male,Mouse ,N1,2/1/19,12,months,,,7% standard,,,,,,,5XFAD_noncarrier,B6JCC006F1,B6JCC006F1,,
,3133,4018,,B-42-19,147823,UCI_TMF,UCI_TMF,female,Mouse ,N1,1/29/19,4,months,,,7% standard,,,,,,,5XFAD_noncarrier,B6JCC006F1,B6JCC006F1,,
,3164,4049,,B-44-19,147825,UCI_TMF,UCI_TMF,female,Mouse ,N1,2/1/19,4,months,,,7% standard,,,,,,,5XFAD_noncarrier,B6JCC006F1,B6JCC006F1,,
,3165,4050,,B-44-19,147825,UCI_TMF,UCI_TMF,female,Mouse ,N1,2/1/19,4,months,,,7% standard,,,,,,,5XFAD_noncarrier,B6JCC006F1,B6JCC006F1,,
,3177,4062,,B-45-19,147820,UCI_TMF,UCI_TMF,female,Mouse ,N1,2/1/19,4,months,,,7% standard,,,,,,,5XFAD_noncarrier,B6JCC006F1,B6JCC006F1,,
,3178,4063,,B-45-19,147820,UCI_TMF,UCI_TMF,female,Mouse ,N1,2/1/19,4,months,,,7% standard,,,,,,,5XFAD_noncarrier,B6JCC006F1,B6JCC006F1,,
,3124,4009,,B-42-19,147823,UCI_TMF,UCI_TMF,male,Mouse ,N1,1/29/19,4,months,,,7% standard,,,,,,,5XFAD_noncarrier,B6JCC006F1,B6JCC006F1,,
,3125,4010,,B-42-19,147823,UCI_TMF,UCI_TMF,male,Mouse ,N1,1/29/19,4,months,,,7% standard,,,,,,,5XFAD_noncarrier,B6JCC006F1,B6JCC006F1,,
,3126,4011,,B-42-19,147823,UCI_TMF,UCI_TMF,male,Mouse ,N1,1/29/19,4,months,,,7% standard,,,,,,,5XFAD_noncarrier,B6JCC006F1,B6JCC006F1,,
,3150,4035,,B-43-19,147824,UCI_TMF,UCI_TMF,male,Mouse ,N1,1/31/19,4,months,,,7% standard,,,,,,,5XFAD_noncarrier,B6JCC006F1,B6JCC006F1,,
,3151,4036,,B-43-19,147824,UCI_TMF,UCI_TMF,male,Mouse ,N1,1/31/19,4,months,,,7% standard,,,,,,,5XFAD_noncarrier,B6JCC006F1,B6JCC006F1,,
,3152,4037,,B-43-19,147824,UCI_TMF,UCI_TMF,male,Mouse ,N1,1/31/19,4,months,,,7% standard,,,,,,,5XFAD_noncarrier,B6JCC006F1,B6JCC006F1,,
,3902,4962,,B-142-19,147976,UCI_TMF,UCI_TMF,female,Mouse ,N1,3/9/19,12,months,,,7% standard,,,,,,,5XFAD_noncarrier,B6JCC013F1,B6JCC013F1,,
,3922,4949,,B-139-19,147981,UCI_TMF,UCI_TMF,female,Mouse ,N1,3/10/19,12,months,,,7% standard,,,,,,,5XFAD_noncarrier,B6JCC013F1,B6JCC013F1,,
,3905,4932,,B-138-19,147980,UCI_TMF,UCI_TMF,female,Mouse ,N1,3/10/19,12,months,,,7% standard,,,,,,,5XFAD_noncarrier,B6JCC013F1,B6JCC013F1,,
,3896,4923,,B-141-19,147979,UCI_TMF,UCI_TMF,female,Mouse ,N1,3/9/19,12,months,,,7% standard,,,,,,,5XFAD_noncarrier,B6JCC013F1,B6JCC013F1,,
,3894,4921,,B-141-19,147979,UCI_TMF,UCI_TMF,female,Mouse ,N1,3/9/19,12,months,,,7% standard,,,,,,,5XFAD_noncarrier,B6JCC013F1,B6JCC013F1,,
,4037,5094,,B-167-19,163128,UCI_TMF,UCI_TMF,male,Mouse ,N1,3/15/19,12,months,,,7% standard,,,,,,,5XFAD_noncarrier,B6JCC013F1,B6JCC013F1,,
,3897,4957,,B-142-19,147976,UCI_TMF,UCI_TMF,male,Mouse ,N1,3/9/19,12,months,,,7% standard,,,,,,,5XFAD_noncarrier,B6JCC013F1,B6JCC013F1,,
,3920,4947,,B-139-19,147981,UCI_TMF,UCI_TMF,male,Mouse ,N1,3/10/19,12,months,,,7% standard,,,,,,,5XFAD_noncarrier,B6JCC013F1,B6JCC013F1,,
,3919,4946,,B-139-19,147981,UCI_TMF,UCI_TMF,male,Mouse ,N1,3/10/19,12,months,,,7% standard,,,,,,,5XFAD_noncarrier,B6JCC013F1,B6JCC013F1,,
,3883,4910,,B-141-19,147979,UCI_TMF,UCI_TMF,male,Mouse ,N1,3/9/19,12,months,,,7% standard,,,,,,,5XFAD_noncarrier,B6JCC013F1,B6JCC013F1,,
,3870,4897,,B-136-19,147982,UCI_TMF,UCI_TMF,female,Mouse ,N1,3/9/19,4,months,,,7% standard,,,,,,,5XFAD_noncarrier,B6JCC013F1,B6JCC013F1,,
,3876,4903,,B-137-19,147983,UCI_TMF,UCI_TMF,female,Mouse ,N1,3/9/19,4,months,,,7% standard,,,,,,,5XFAD_noncarrier,B6JCC013F1,B6JCC013F1,,
,3875,4902,,B-137-19,147983,UCI_TMF,UCI_TMF,male,Mouse ,N1,3/9/19,4,months,,,7% standard,,,,,,,5XFAD_noncarrier,B6JCC013F1,B6JCC013F1,,
,3887,4914,,B-141-19,147979,UCI_TMF,UCI_TMF,male,Mouse ,N1,3/9/19,4,months,,,7% standard,,,,,,,5XFAD_noncarrier,B6JCC013F1,B6JCC013F1,,
,3888,4915,,B-141-19,147979,UCI_TMF,UCI_TMF,male,Mouse ,N1,3/9/19,4,months,,,7% standard,,,,,,,5XFAD_noncarrier,B6JCC013F1,B6JCC013F1,,
,5119,6288,,B-314-19,176778,UCI_TMF,UCI_TMF,female,Mouse ,N1,7/4/19,12,months,,,7% standard,,,,,,,5XFAD_noncarrier,B6JCC017F1,B6JCC017F1,,
,5118,6287,,B-314-19,176778,UCI_TMF,UCI_TMF,female,Mouse ,N1,7/4/19,12,months,,,7% standard,,,,,,,5XFAD_noncarrier,B6JCC017F1,B6JCC017F1,,
,5117,6286,,B-314-19,176778,UCI_TMF,UCI_TMF,female,Mouse ,N1,7/4/19,12,months,,,7% standard,,,,,,,5XFAD_noncarrier,B6JCC017F1,B6JCC017F1,,
,5062,6229,,B-306-19,176774,UCI_TMF,UCI_TMF,female,Mouse ,N1,6/28/19,12,months,,,7% standard,,,,,,,5XFAD_noncarrier,B6JCC017F1,B6JCC017F1,,
,5024,6162,,B-300-19,176781,UCI_TMF,UCI_TMF,female,Mouse ,N1,6/26/19,12,months,,,7% standard,,,,,,,5XFAD_noncarrier,B6JCC017F1,B6JCC017F1,,
,5030,6168,,B-300-19,176781,UCI_TMF,UCI_TMF,female,Mouse ,N1,6/26/19,12,months,,,7% standard,,,,,,,5XFAD_noncarrier,B6JCC017F1,B6JCC017F1,,
,5115,6284,,B-314-19,176778,UCI_TMF,UCI_TMF,male,Mouse ,N1,7/4/19,12,months,,,7% standard,,,,,,,5XFAD_noncarrier,B6JCC017F1,B6JCC017F1,,
,5112,6281,,B-314-19,176778,UCI_TMF,UCI_TMF,male,Mouse ,N1,7/4/19,12,months,,,7% standard,,,,,,,5XFAD_noncarrier,B6JCC017F1,B6JCC017F1,,
,5111,6280,,B-314-19,176778,UCI_TMF,UCI_TMF,male,Mouse ,N1,7/4/19,12,months,,,7% standard,,,,,,,5XFAD_noncarrier,B6JCC017F1,B6JCC017F1,,
,5060,6227,,B-306-19,176774,UCI_TMF,UCI_TMF,male,Mouse ,N1,6/28/19,12,months,,,7% standard,,,,,,,5XFAD_noncarrier,B6JCC017F1,B6JCC017F1,,
,5058,6225,,B-306-19,176774,UCI_TMF,UCI_TMF,male,Mouse ,N1,6/28/19,12,months,,,7% standard,,,,,,,5XFAD_noncarrier,B6JCC017F1,B6JCC017F1,,
,5057,6224,,B-306-19,176774,UCI_TMF,UCI_TMF,male,Mouse ,N1,6/28/19,12,months,,,7% standard,,,,,,,5XFAD_noncarrier,B6JCC017F1,B6JCC017F1,,
,5042,6180,,B-305-19,176780,UCI_TMF,UCI_TMF,female,Mouse ,N1,6/28/19,4,months,,,7% standard,,,,,,,5XFAD_noncarrier,B6JCC017F1,B6JCC017F1,,
,5044,6182,,B-305-19,176780,UCI_TMF,UCI_TMF,female,Mouse ,N1,6/28/19,4,months,,,7% standard,,,,,,,5XFAD_noncarrier,B6JCC017F1,B6JCC017F1,,
,4994,6132,,B-301-19,176783,UCI_TMF,UCI_TMF,female,Mouse ,N1,6/26/19,4,months,,,7% standard,,,,,,,5XFAD_noncarrier,B6JCC017F1,B6JCC017F1,,
,5063,6230,,B-306-19,176774,UCI_TMF,UCI_TMF,female,Mouse ,N1,6/28/19,4,months,,,7% standard,,,,,,,5XFAD_noncarrier,B6JCC017F1,B6JCC017F1,,
,5035,6173,,B-304-19,176775,UCI_TMF,UCI_TMF,female,Mouse ,N1,6/27/19,4,months,,,7% standard,,,,,,,5XFAD_noncarrier,B6JCC017F1,B6JCC017F1,,
,5031,6169,,B-304-19,176775,UCI_TMF,UCI_TMF,male,Mouse ,N1,6/27/19,4,months,,,7% standard,,,,,,,5XFAD_noncarrier,B6JCC017F1,B6JCC017F1,,
,5033,6171,,B-304-19,176775,UCI_TMF,UCI_TMF,male,Mouse ,N1,6/27/19,4,months,,,7% standard,,,,,,,5XFAD_noncarrier,B6JCC017F1,B6JCC017F1,,
,5020,6158,,B-300-19,176781,UCI_TMF,UCI_TMF,male,Mouse ,N1,6/26/19,4,months,,,7% standard,,,,,,,5XFAD_noncarrier,B6JCC017F1,B6JCC017F1,,
,5023,6161,,B-300-19,176781,UCI_TMF,UCI_TMF,male,Mouse ,N1,6/26/19,4,months,,,7% standard,,,,,,,5XFAD_noncarrier,B6JCC017F1,B6JCC017F1,,
,5038,6176,,B-305-19,176780,UCI_TMF,UCI_TMF,male,Mouse ,N1,6/28/19,4,months,,,7% standard,,,,,,,5XFAD_noncarrier,B6JCC017F1,B6JCC017F1,,
,10577,12181,,B-685-20,246334,UCI_TMF,UCI_TMF,female,Mouse ,F1,8/25/20,12,months,,,7% standard,,,,,,,5XFAD_noncarrier,B6JCC037F1,B6JCC037F1,,
,10578,12182,,B-685-20,246334,UCI_TMF,UCI_TMF,female,Mouse ,F1,8/25/20,12,months,,,7% standard,,,,,,,5XFAD_noncarrier,B6JCC037F1,B6JCC037F1,,
,10613,12217,,B-706-20,257429,UCI_TMF,UCI_TMF,female,Mouse ,F1,8/31/20,12,months,,,7% standard,,,,,,,5XFAD_noncarrier,B6JCC037F1,B6JCC037F1,,
,10684,12301,,B-727-20,261540,UCI_TMF,UCI_TMF,female,Mouse ,F1,9/8/20,12,months,,,7% standard,,,,,,,5XFAD_noncarrier,B6JCC037F1,B6JCC037F1,,
,10685,12302,,B-727-20,261540,UCI_TMF,UCI_TMF,female,Mouse ,F1,9/8/20,12,months,,,7% standard,,,,,,,5XFAD_noncarrier,B6JCC037F1,B6JCC037F1,,
,10691,12308,,B-728-20,261541,UCI_TMF,UCI_TMF,female,Mouse ,F1,9/9/20,12,months,,,7% standard,,,,,,,5XFAD_noncarrier,B6JCC037F1,B6JCC037F1,,
,10455,12041,,B-669-20,257497,UCI_TMF,UCI_TMF,male,Mouse ,F1,8/19/20,12,months,,,7% standard,,,,,,,5XFAD_noncarrier,B6JCC037F1,B6JCC037F1,,
,10573,12177,,B-685-20,246334,UCI_TMF,UCI_TMF,male,Mouse ,F1,8/25/20,12,months,,,7% standard,,,,,,,5XFAD_noncarrier,B6JCC037F1,B6JCC037F1,,
,10574,12178,,B-685-20,246334,UCI_TMF,UCI_TMF,male,Mouse ,F1,8/25/20,12,months,,,7% standard,,,,,,,5XFAD_noncarrier,B6JCC037F1,B6JCC037F1,,
,10576,12180,,B-685-20,246334,UCI_TMF,UCI_TMF,male,Mouse ,F1,8/25/20,12,months,,,7% standard,,,,,,,5XFAD_noncarrier,B6JCC037F1,B6JCC037F1,,
,10686,12303,,B-728-20,261541,UCI_TMF,UCI_TMF,male,Mouse ,F1,9/9/20,12,months,,,7% standard,,,,,,,5XFAD_noncarrier,B6JCC037F1,B6JCC037F1,,
,10689,12306,,B-728-20,261541,UCI_TMF,UCI_TMF,male,Mouse ,F1,9/9/20,12,months,,,7% standard,,,,,,,5XFAD_noncarrier,B6JCC037F1,B6JCC037F1,,
,3074,3943,,B-26-19,147811,UCI_TMF,UCI_TMF,female,Mouse ,N1,1/21/19,4,months,,,7% standard,,,,,,,5XFAD_noncarrier,B6JCC037F1,B6JCC037F1,,
,3078,3947,,B-26-19,147811,UCI_TMF,UCI_TMF,female,Mouse ,N1,1/21/19,4,months,,,7% standard,,,,,,,5XFAD_noncarrier,B6JCC037F1,B6JCC037F1,,
,3083,3952,,B-27-19,147832,UCI_TMF,UCI_TMF,female,Mouse ,N1,1/21/19,4,months,,,7% standard,,,,,,,5XFAD_noncarrier,B6JCC037F1,B6JCC037F1,,
,3085,3954,,B-27-19,147832,UCI_TMF,UCI_TMF,female,Mouse ,N1,1/21/19,4,months,,,7% standard,,,,,,,5XFAD_noncarrier,B6JCC037F1,B6JCC037F1,,
,3086,3955,,B-27-19,147832,UCI_TMF,UCI_TMF,female,Mouse ,N1,1/21/19,4,months,,,7% standard,,,,,,,5XFAD_noncarrier,B6JCC037F1,B6JCC037F1,,
,3072,3941,,B-26-19,147811,UCI_TMF,UCI_TMF,male,Mouse ,N1,1/21/19,4,months,,,7% standard,,,,,,,5XFAD_noncarrier,B6JCC037F1,B6JCC037F1,,
,3073,3942,,B-26-19,147811,UCI_TMF,UCI_TMF,male,Mouse ,N1,1/21/19,4,months,,,7% standard,,,,,,,5XFAD_noncarrier,B6JCC037F1,B6JCC037F1,,
,3081,3950,,B-27-19,147832,UCI_TMF,UCI_TMF,male,Mouse ,N1,1/21/19,4,months,,,7% standard,,,,,,,5XFAD_noncarrier,B6JCC037F1,B6JCC037F1,,
,3097,3978,,B-29-19,147833,UCI_TMF,UCI_TMF,male,Mouse ,N1,1/24/19,4,months,,,7% standard,,,,,,,5XFAD_noncarrier,B6JCC037F1,B6JCC037F1,,
,3118,4003,,B-33-19,147811,UCI_TMF,UCI_TMF,male,Mouse ,N1,1/26/19,4,months,,,7% standard,,,,,,,5XFAD_noncarrier,B6JCC037F1,B6JCC037F1,,
,TMF20734,13156,,,,UCI_TMF,UCI_TMF,female,Mouse ,N1,8/16/20,4,months,,,7% standard,,,,,,34848,5XFAD_carrier,C57BL6J,5XFAD,5XFAD,
,4281,5345,,B-169-19,159241,UCI_TMF,UCI_TMF,male,Mouse ,N1,3/24/19,4,months,,,7% standard,,,,,,34848,5XFAD_carrier,C57BL6J,5XFAD,5XFAD,
,4199,5263,,B-177-19,159238,UCI_TMF,UCI_TMF,male,Mouse ,N1,3/24/19,4,months,,,7% standard,,,,,,34848,5XFAD_carrier,C57BL6J,5XFAD,5XFAD,
,4266,5330,,B-176-19,159245,UCI_TMF,UCI_TMF,male,Mouse ,N1,3/24/19,4,months,,,7% standard,,,,,,34848,5XFAD_carrier,C57BL6J,5XFAD,5XFAD,
,4265,5329,,B-176-19,159245,UCI_TMF,UCI_TMF,male,Mouse ,N1,3/24/19,4,months,,,7% standard,,,,,,34848,5XFAD_carrier,C57BL6J,5XFAD,5XFAD,
,4264,5328,,B-176-19,159245,UCI_TMF,UCI_TMF,male,Mouse ,N1,3/24/19,4,months,,,7% standard,,,,,,34848,5XFAD_carrier,C57BL6J,5XFAD,5XFAD,
,4255,5319,,B-222-19,159243,UCI_TMF,UCI_TMF,female,Mouse ,N1,3/28/19,4,months,,,7% standard,,,,,,34848,5XFAD_carrier,C57BL6J,5XFAD,5XFAD,
,4503,5567,,B-208-19,159244,UCI_TMF,UCI_TMF,female,Mouse ,N1,3/26/19,4,months,,,7% standard,,,,,,34848,5XFAD_carrier,C57BL6J,5XFAD,5XFAD,
,4244,5308,,B-170-19,159243,UCI_TMF,UCI_TMF,female,Mouse ,N1,3/24/19,4,months,,,7% standard,,,,,,34848,5XFAD_carrier,C57BL6J,5XFAD,5XFAD,
,4209,5273,,B-177-19,159238,UCI_TMF,UCI_TMF,female,Mouse ,N1,3/24/19,4,months,,,7% standard,,,,,,34848,5XFAD_carrier,C57BL6J,5XFAD,5XFAD,
,4881,5970,,B-280-19,176820,UCI_TMF,UCI_TMF,male,Mouse ,N1,6/5/19,4,months,,,7% standard,,,,,,,5XFAD_carrier,B6JCC002F1,B6JCC002F1.5XFAD,,
,3146,4031,,B-43-19,147824,UCI_TMF,UCI_TMF,male,Mouse ,N1,1/31/19,4,months,,,7% standard,,,,,,,5XFAD_carrier,B6JCC006F1,B6JCC006F1.5XFAD,,
,3084,3953,,B-27-19,147832,UCI_TMF,UCI_TMF,female,Mouse ,N1,1/21/19,4,months,,,7% standard,,,,,,,5XFAD_carrier,B6JCC037F1,B6JCC037F1.5XFAD,,
,4208,5272,,B-177-19,159238,UCI_TMF,UCI_TMF,female,Mouse ,N1,3/24/19,4,months,,,7% standard,,,,,,34848,5XFAD_carrier,C57BL6J,5XFAD,5XFAD,
,3147,4032,,B-43-19,147824,UCI_TMF,UCI_TMF,male,Mouse ,N1,1/31/19,4,months,,,7% standard,,,,,,,5XFAD_carrier,B6JCC006F1,B6JCC006F1.5XFAD,,
,582,927,,B-74-18,,UCI_TMF,UCI_TMF,female,Mouse ,N1,3/7/18,12,months,,,7% standard,,,,,,34848,5XFAD_carrier,C57BL6J,5XFAD,5XFAD,
,758,1181,,B-94-18,1720/1721,UCI_TMF,UCI_TMF,female,Mouse ,N1,3/16/18,12,months,,,7% standard,,,,,,34848,5XFAD_carrier,C57BL6J,5XFAD,5XFAD,
,759,1182,,B-94-18,1720/1721,UCI_TMF,UCI_TMF,female,Mouse ,N1,3/16/18,12,months,,,7% standard,,,,,,34848,5XFAD_carrier,C57BL6J,5XFAD,5XFAD,
,636,979,,B-80-18,86918,UCI_TMF,UCI_TMF,male,Mouse ,N1,3/12/18,12,months,,,7% standard,,,,,,34848,5XFAD_carrier,C57BL6J,5XFAD,5XFAD,
,637,984,,B-80-18,86918,UCI_TMF,UCI_TMF,male,Mouse ,N1,3/12/18,12,months,,,7% standard,,,,,,34848,5XFAD_carrier,C57BL6J,5XFAD,5XFAD,
,487,661,,B-59-18,1684/1685,UCI_TMF,UCI_TMF,female,Mouse ,N1,3/5/18,12,months,,,7% standard,,,,,,34848,5XFAD_carrier,C57BL6J,5XFAD,5XFAD,
,530,704,,B-63-18,1684/1685,UCI_TMF,UCI_TMF,female,Mouse ,N1,3/5/18,12,months,,,7% standard,,,,,,34848,5XFAD_carrier,C57BL6J,5XFAD,5XFAD,
,488,662,,B-59-18,087837,UCI_TMF,UCI_TMF,female,Mouse ,N1,3/5/18,12,months,,,7% standard,,,,,,34848,5XFAD_carrier,C57BL6J,5XFAD,5XFAD,
,573,918,,B-74-18,1694/1695,UCI_TMF,UCI_TMF,male,Mouse ,N1,3/7/18,12,months,,,7% standard,,,,,,34848,5XFAD_carrier,C57BL6J,5XFAD,5XFAD,
,574,919,,B-74-18,1694/1695,UCI_TMF,UCI_TMF,male,Mouse ,N1,3/7/18,12,months,,,7% standard,,,,,,34848,5XFAD_carrier,C57BL6J,5XFAD,5XFAD,
,569,914,,B-74-18,1694/1695,UCI_TMF,UCI_TMF,male,Mouse ,N1,3/7/18,12,months,,,7% standard,,,,,,34848,5XFAD_carrier,C57BL6J,5XFAD,5XFAD,
,571,916,,B-74-18,1694/1695,UCI_TMF,UCI_TMF,male,Mouse ,N1,3/7/18,12,months,,,7% standard,,,,,,34848,5XFAD_carrier,C57BL6J,5XFAD,5XFAD,
,3172,4057,,B-45-19,147820,UCI_TMF,UCI_TMF,male,Mouse ,N1,2/1/19,12,months,,,7% standard,,,,,,,5XFAD_carrier,B6JCC006F1,B6JCC006F1.5XFAD,,
,3898,4958,,B-142-19,147976,UCI_TMF,UCI_TMF,female,Mouse ,N1,3/9/19,12,months,,,7% standard,,,,,,,5XFAD_carrier,B6JCC013F1,B6JCC013F1.5XFAD,,
,3884,4911,,B-141-19,147979,UCI_TMF,UCI_TMF,male,Mouse ,N1,3/9/19,12,months,,,7% standard,,,,,,,5XFAD_carrier,B6JCC013F1,B6JCC013F1.5XFAD,,
,3895,4922,,B-141-19,147979,UCI_TMF,UCI_TMF,female,Mouse ,N1,3/9/19,12,months,,,7% standard,,,,,,,5XFAD_carrier,B6JCC013F1,B6JCC013F1.5XFAD,,
,3900,4960,,B-142-19,147976,UCI_TMF,UCI_TMF,female,Mouse ,N1,3/9/19,12,months,,,7% standard,,,,,,,5XFAD_noncarrier,B6JCC013F1,B6JCC013F1,,
,4036,5095,,B-167-19,163128,UCI_TMF,UCI_TMF,male,Mouse ,N1,3/15/19,12,months,,,7% standard,,,,,,,5XFAD_noncarrier,B6JCC013F1,B6JCC013F1,,
,3778,4805,,B-134-19,147981,UCI_TMF,UCI_TMF,male,Mouse ,N1,3/6/19,4,months,,,7% standard,,,,,,,5XFAD_noncarrier,B6JCC013F1,B6JCC013F1,,
,3786,4813,,B-135-19,147868,UCI_TMF,UCI_TMF,male,Mouse ,N1,3/7/19,4,months,,,7% standard,,,,,,,5XFAD_noncarrier,B6JCC013F1,B6JCC013F1,,
,3788,4815,,B-135-19,147868,UCI_TMF,UCI_TMF,male,Mouse ,N1,3/7/19,4,months,,,7% standard,,,,,,,5XFAD_noncarrier,B6JCC013F1,B6JCC013F1,,
,3796,4823,,B-135-19,147868,UCI_TMF,UCI_TMF,female,Mouse ,N1,3/7/19,4,months,,,7% standard,,,,,,,5XFAD_noncarrier,B6JCC013F1,B6JCC013F1,,
,3800,4827,,B-135-19,147868,UCI_TMF,UCI_TMF,female,Mouse ,N1,3/7/19,4,months,,,7% standard,,,,,,,5XFAD_noncarrier,B6JCC013F1,B6JCC013F1,,
,3801,4828,,B-135-19,147868,UCI_TMF,UCI_TMF,female,Mouse ,N1,3/7/19,4,months,,,7% standard,,,,,,,5XFAD_noncarrier,B6JCC013F1,B6JCC013F1,,
,3865,4892,,B-136-19,147982,UCI_TMF,UCI_TMF,male,Mouse ,N1,3/9/19,4,months,,,7% standard,,,,,,,5XFAD_noncarrier,B6JCC013F1,B6JCC013F1,,
,3867,4894,,B-136-19,147982,UCI_TMF,UCI_TMF,female,Mouse ,N1,3/9/19,4,months,,,7% standard,,,,,,,5XFAD_noncarrier,B6JCC013F1,B6JCC013F1,,
,3871,4898,,B-136-19,147982,UCI_TMF,UCI_TMF,female,Mouse ,N1,3/9/19,4,months,,,7% standard,,,,,,,5XFAD_noncarrier,B6JCC013F1,B6JCC013F1,,
,3885,4912,,B-141-19,147979,UCI_TMF,UCI_TMF,male,Mouse ,N1,3/9/19,4,months,,,7% standard,,,,,,,5XFAD_carrier,B6JCC013F1,B6JCC013F1.5XFAD,,
,5008,6146,,B-298-19,176774,UCI_TMF,UCI_TMF,female,Mouse ,N1,6/26/19,12,months,,,7% standard,,,,,,,5XFAD_carrier,B6JCC017F1,B6JCC017F1.5XFAD,,
,5011,6149,,B-299-19,176782,UCI_TMF,UCI_TMF,male,Mouse ,N1,6/26/19,12,months,,,7% standard,,,,,,,5XFAD_carrier,B6JCC017F1,B6JCC017F1.5XFAD,,
,5012,6150,,B-299-19,176782,UCI_TMF,UCI_TMF,male,Mouse ,N1,6/26/19,12,months,,,7% standard,,,,,,,5XFAD_carrier,B6JCC017F1,B6JCC017F1.5XFAD,,
,5014,6152,,B-299-19,176782,UCI_TMF,UCI_TMF,male,Mouse ,N1,6/26/19,12,months,,,7% standard,,,,,,,5XFAD_noncarrier,B6JCC017F1,B6JCC017F1,,
,5040,6178,,B-305-19,176780,UCI_TMF,UCI_TMF,male,Mouse ,N1,6/28/19,4,months,,,7% standard,,,,,,,5XFAD_noncarrier,B6JCC017F1,B6JCC017F1,,
,4884,5973,,B-280-19,176820,UCI_TMF,UCI_TMF,male,Mouse ,N1,6/5/19,4,months,,,7% standard,,,,,,,5XFAD_carrier,B6JCC002F1,B6JCC002F1.5XFAD,,
,4885,5974,,B-280-19,176820,UCI_TMF,UCI_TMF,male,Mouse ,N1,6/5/19,4,months,,,7% standard,,,,,,,5XFAD_noncarrier,B6JCC002F1,B6JCC002F1,,
,3082,3951,,B-27-19,147832,UCI_TMF,UCI_TMF,male,Mouse ,N1,1/21/19,4,months,,,7% standard,,,,,,,5XFAD_noncarrier,B6JCC037F1,B6JCC037F1,,
,3106,3987,,B-30-19,147831,UCI_TMF,UCI_TMF,female,Mouse ,N1,1/25/19,4,months,,,7% standard,,,,,,,5XFAD_carrier,B6JCC037F1,B6JCC037F1.5XFAD,,
,3107,3988,,B-30-19,147831,UCI_TMF,UCI_TMF,female,Mouse ,N1,1/25/19,4,months,,,7% standard,,,,,,,5XFAD_carrier,B6JCC037F1,B6JCC037F1.5XFAD,,
,3102,3983,,B-29-19,147833,UCI_TMF,UCI_TMF,female,Mouse ,N1,1/24/19,12,months,,,7% standard,,,,,,,5XFAD_noncarrier,B6JCC037F1,B6JCC037F1,,
,3108,3989,,B-30-19,147831,UCI_TMF,UCI_TMF,female,Mouse ,N1,1/25/19,12,months,,,7% standard,,,,,,,5XFAD_noncarrier,B6JCC037F1,B6JCC037F1,,
,3110,3991,,B-31-19,147830,UCI_TMF,UCI_TMF,female,Mouse ,N1,1/25/19,12,months,,,7% standard,,,,,,,5XFAD_noncarrier,B6JCC037F1,B6JCC037F1,,
,3112,3993,,B-31-19,147830,UCI_TMF,UCI_TMF,female,Mouse ,N1,1/25/19,12,months,,,7% standard,,,,,,,5XFAD_noncarrier,B6JCC037F1,B6JCC037F1,,
,3149,4034,,B-43-19,147824,UCI_TMF,UCI_TMF,male,Mouse ,N1,1/31/19,4,months,,,7% standard,,,,,,,5XFAD_carrier,B6JCC006F1,B6JCC006F1.5XFAD,,
,3153,4038,,B-43-19,147824,UCI_TMF,UCI_TMF,male,Mouse ,N1,1/31/19,4,months,,,7% standard,,,,,,,5XFAD_noncarrier,B6JCC006F1,B6JCC006F1,,
,3154,4039,,B-43-19,147824,UCI_TMF,UCI_TMF,male,Mouse ,N1,1/31/19,4,months,,,7% standard,,,,,,,5XFAD_noncarrier,B6JCC006F1,B6JCC006F1,,
,3158,4043,,B-44-19,147825,UCI_TMF,UCI_TMF,male,Mouse ,N1,2/1/19,4,months,,,7% standard,,,,,,,5XFAD_carrier,B6JCC006F1,B6JCC006F1.5XFAD,,
,3159,4044,,B-44-19,147825,UCI_TMF,UCI_TMF,male,Mouse ,N1,2/1/19,4,months,,,7% standard,,,,,,,5XFAD_carrier,B6JCC006F1,B6JCC006F1.5XFAD,,
,3161,4046,,B-44-19,147825,UCI_TMF,UCI_TMF,male,Mouse ,N1,2/1/19,4,months,,,7% standard,,,,,,,5XFAD_carrier,B6JCC006F1,B6JCC006F1.5XFAD,,
,3162,4047,,B-44-19,147825,UCI_TMF,UCI_TMF,male,Mouse ,N1,2/1/19,4,months,,,7% standard,,,,,,,5XFAD_carrier,B6JCC006F1,B6JCC006F1.5XFAD,,
,4204,5268,,B-177-19,159238,UCI_TMF,UCI_TMF,female,Mouse ,N1,3/24/19,4,months,,,7% standard,,,,,,34848,5XFAD_carrier,C57BL6J,5XFAD,5XFAD,
,4205,5269,,B-177-19,159238,UCI_TMF,UCI_TMF,female,Mouse ,N1,3/24/19,4,months,,,7% standard,,,,,,34848,5XFAD_noncarrier,C57BL6J,C57BL6J,C57BL6J,
,4206,5270,,B-177-19,159238,UCI_TMF,UCI_TMF,female,Mouse ,N1,3/24/19,4,months,,,7% standard,,,,,,34848,5XFAD_noncarrier,C57BL6J,C57BL6J,C57BL6J,
,4207,5271,,B-177-19,159238,UCI_TMF,UCI_TMF,female,Mouse ,N1,3/24/19,4,months,,,7% standard,,,,,,34848,5XFAD_noncarrier,C57BL6J,C57BL6J,C57BL6J,
,4245,5309,,B-170-19,159243,UCI_TMF,UCI_TMF,female,Mouse ,N1,3/24/19,4,months,,,7% standard,,,,,,34848,5XFAD_noncarrier,C57BL6J,C57BL6J,C57BL6J,
,4246,5310,,B-170-19,159243,UCI_TMF,UCI_TMF,female,Mouse ,N1,3/24/19,4,months,,,7% standard,,,,,,34848,5XFAD_noncarrier,C57BL6J,C57BL6J,C57BL6J,
,4241,5305,,B-170-19,159243,UCI_TMF,UCI_TMF,male,Mouse ,N1,3/24/19,4,months,,,7% standard,,,,,,34848,5XFAD_noncarrier,C57BL6J,C57BL6J,C57BL6J,
,4243,5307,,B-170-19,159243,UCI_TMF,UCI_TMF,male,Mouse ,N1,3/24/19,4,months,,,7% standard,,,,,,34848,5XFAD_noncarrier,C57BL6J,C57BL6J,C57BL6J,
,4267,5331,,B-176-19,159245,UCI_TMF,UCI_TMF,male,Mouse ,N1,3/24/19,4,months,,,7% standard,,,,,,34848,5XFAD_noncarrier,C57BL6J,C57BL6J,C57BL6J,
,4268,5332,,B-176-19,159245,UCI_TMF,UCI_TMF,male,Mouse ,N1,3/24/19,4,months,,,7% standard,,,,,,34848,5XFAD_noncarrier,C57BL6J,C57BL6J,C57BL6J,
,4279,5343,,B-169-19,159241,UCI_TMF,UCI_TMF,male,Mouse ,N1,3/24/19,4,months,,,7% standard,,,,,,34848,5XFAD_noncarrier,C57BL6J,C57BL6J,C57BL6J,
,4280,5344,,B-169-19,159241,UCI_TMF,UCI_TMF,male,Mouse ,N1,3/24/19,4,months,,,7% standard,,,,,,34848,5XFAD_noncarrier,C57BL6J,C57BL6J,C57BL6J,
,4299,5333,,B-176-19,159245,UCI_TMF,UCI_TMF,male,Mouse ,N1,3/24/19,4,months,,,7% standard,,,,,,34848,5XFAD_noncarrier,C57BL6J,C57BL6J,C57BL6J,
,305,396,,B-41-18,079808,UCI_TMF,UCI_TMF,male,Mouse ,N1,2/23/18,12,months,,,7% standard,,,,,,34848,5XFAD_noncarrier,C57BL6J,C57BL6J,C57BL6J,
,315,406,,B-42-18,079800,UCI_TMF,UCI_TMF,male,Mouse ,N1,2/24/18,12,months,,,7% standard,,,,,,34848,5XFAD_noncarrier,C57BL6J,C57BL6J,C57BL6J,
,377,551,,B-50-18,1664/1665,UCI_TMF,UCI_TMF,male,Mouse ,N1,3/5/18,12,months,,,7% standard,,,,,,34848,5XFAD_noncarrier,C57BL6J,C57BL6J,C57BL6J,
,378,552,,B-50-18,1664/1665,UCI_TMF,UCI_TMF,male,Mouse ,N1,3/5/18,12,months,,,7% standard,,,,,,34848,5XFAD_carrier,C57BL6J,5XFAD,5XFAD,
,379,553,,B-50-18,1664/1665,UCI_TMF,UCI_TMF,male,Mouse ,N1,3/5/18,12,months,,,7% standard,,,,,,34848,5XFAD_carrier,C57BL6J,5XFAD,5XFAD,
,380,554,,B-50-18,1664/1665,UCI_TMF,UCI_TMF,male,Mouse ,N1,3/5/18,12,months,,,7% standard,,,,,,34848,5XFAD_carrier,C57BL6J,5XFAD,5XFAD,
,452,626,,B-57-18,1672/1673,UCI_TMF,UCI_TMF,male,Mouse ,N1,3/5/18,12,months,,,7% standard,,,,,,34848,5XFAD_noncarrier,C57BL6J,C57BL6J,C57BL6J,
,456,630,,B-57-18,1672/1673,UCI_TMF,UCI_TMF,male,Mouse ,N1,3/5/18,12,months,,,7% standard,,,,,,34848,5XFAD_noncarrier,C57BL6J,C57BL6J,C57BL6J,
,497,671,,B-60-18,1686/1687,UCI_TMF,UCI_TMF,female,Mouse ,N1,3/5/18,12,months,,,7% standard,,,,,,34848,5XFAD_noncarrier,C57BL6J,C57BL6J,C57BL6J,
,498,672,,B-60-18,1686/1687,UCI_TMF,UCI_TMF,female,Mouse ,N1,3/5/18,12,months,,,7% standard,,,,,,34848,5XFAD_carrier,C57BL6J,5XFAD,5XFAD,
,499,673,,B-60-18,1686/1687,UCI_TMF,UCI_TMF,female,Mouse ,N1,3/5/18,12,months,,,7% standard,,,,,,34848,5XFAD_carrier,C57BL6J,5XFAD,5XFAD,
,500,674,,B-60-18,1686/1687,UCI_TMF,UCI_TMF,female,Mouse ,N1,3/5/18,12,months,,,7% standard,,,,,,34848,5XFAD_noncarrier,C57BL6J,C57BL6J,C57BL6J,
,541,715,,B-65-18,087748,UCI_TMF,UCI_TMF,female,Mouse ,N1,3/8/18,12,months,,,7% standard,,,,,,34848,5XFAD_carrier,C57BL6J,5XFAD,5XFAD,
,542,716,,B-65-18,087748,UCI_TMF,UCI_TMF,female,Mouse ,N1,3/8/18,12,months,,,7% standard,,,,,,34848,5XFAD_noncarrier,C57BL6J,C57BL6J,C57BL6J,
,543,717,,B-65-18,087748,UCI_TMF,UCI_TMF,female,Mouse ,N1,3/8/18,12,months,,,7% standard,,,,,,34848,5XFAD_carrier,C57BL6J,5XFAD,5XFAD,
,544,718,,B-65-18,087748,UCI_TMF,UCI_TMF,female,Mouse ,N1,3/8/18,12,months,,,7% standard,,,,,,34848,5XFAD_carrier,C57BL6J,5XFAD,5XFAD,
,551,896,,B-72-18,1690/1691,UCI_TMF,UCI_TMF,female,Mouse ,N1,3/7/18,12,months,,,7% standard,,,,,,34848,5XFAD_noncarrier,C57BL6J,C57BL6J,C57BL6J,
,624,969,,B-78-18,1688/1689,UCI_TMF,UCI_TMF,female,Mouse ,N1,3/7/18,12,months,,,7% standard,,,,,,34848,5XFAD_noncarrier,C57BL6J,C57BL6J,C57BL6J,
,634,981,,B-80-18,86918,UCI_TMF,UCI_TMF,male,Mouse ,N1,3/12/18,12,months,,,7% standard,,,,,,34848,5XFAD_carrier,C57BL6J,5XFAD,5XFAD,
,792,1215,,B-100-18,087751,UCI_TMF,UCI_TMF,male,Mouse ,N1,3/16/18,12,months,,,7% standard,,,,,,34848,5XFAD_noncarrier,C57BL6J,C57BL6J,C57BL6J,
,4256,5320,,B-222-19,159243,UCI_TMF,UCI_TMF,female,Mouse ,N1,3/28/19,4,months,,,7% standard,,,,,,34848,5XFAD_noncarrier,C57BL6J,C57BL6J,C57BL6J,
,4257,5321,,B-222-19,159243,UCI_TMF,UCI_TMF,female,Mouse ,N1,3/28/19,4,months,,,7% standard,,,,,,34848,5XFAD_noncarrier,C57BL6J,C57BL6J,C57BL6J,
,4501,5565,,B-208-19,159244,UCI_TMF,UCI_TMF,female,Mouse ,N1,3/26/19,4,months,,,7% standard,,,,,,34848,5XFAD_noncarrier,C57BL6J,C57BL6J,C57BL6J,
,4502,5566,,B-208-19,159244,UCI_TMF,UCI_TMF,female,Mouse ,N1,3/26/19,4,months,,,7% standard,,,,,,34848,5XFAD_noncarrier,C57BL6J,C57BL6J,C57BL6J,
,4242,5306,,B-170-19,159243,UCI_TMF,UCI_TMF,male,Mouse ,N1,3/24/19,4,months,,,7% standard,,,,,,34848,5XFAD_carrier,C57BL6J,5XFAD,5XFAD,